Iteration,Timestep,StratumID,SecondaryStratumID,TertiaryStratumID,DistributionTypeID,ExternalVariableTypeID,ExternalVariableMin,ExternalVariableMax,Value,ValueDistributionTypeID,ValueDistributionFrequency,ValueDistributionSD,ValueDistributionMin,ValueDistributionMax,ValueDistributionRelativeFrequency
,,California Chaparral and Oak Woodlands,,,Historical Rate: Drought High Severity,Historical Year: Drought,2002,2002,0,,,,,,
,,California Chaparral and Oak Woodlands,,,Historical Rate: Drought High Severity,Historical Year: Drought,2003,2003,0,,,,,,
,,California Chaparral and Oak Woodlands,,,Historical Rate: Drought High Severity,Historical Year: Drought,2004,2004,0.0001,,,,,,
,,California Chaparral and Oak Woodlands,,,Historical Rate: Drought High Severity,Historical Year: Drought,2005,2005,0,,,,,,
,,California Chaparral and Oak Woodlands,,,Historical Rate: Drought High Severity,Historical Year: Drought,2006,2006,0.0002,,,,,,
,,California Chaparral and Oak Woodlands,,,Historical Rate: Drought High Severity,Historical Year: Drought,2007,2007,0.0003,,,,,,
,,California Chaparral and Oak Woodlands,,,Historical Rate: Drought High Severity,Historical Year: Drought,2008,2008,0,,,,,,
,,California Chaparral and Oak Woodlands,,,Historical Rate: Drought High Severity,Historical Year: Drought,2009,2009,0,,,,,,
,,California Chaparral and Oak Woodlands,,,Historical Rate: Drought High Severity,Historical Year: Drought,2010,2010,0,,,,,,
,,California Chaparral and Oak Woodlands,,,Historical Rate: Drought High Severity,Historical Year: Drought,2011,2011,0,,,,,,
,,California Chaparral and Oak Woodlands,,,Historical Rate: Drought High Severity,Historical Year: Drought,2012,2012,0.0002,,,,,,
,,California Chaparral and Oak Woodlands,,,Historical Rate: Drought High Severity,Historical Year: Drought,2013,2013,0,,,,,,
,,California Chaparral and Oak Woodlands,,,Historical Rate: Drought High Severity,Historical Year: Drought,2014,2014,0.0001,,,,,,
,,California Chaparral and Oak Woodlands,,,Historical Rate: Drought High Severity,Historical Year: Drought,2015,2015,0.0214,,,,,,
,,California Chaparral and Oak Woodlands,,,Historical Rate: Drought High Severity,Historical Year: Drought,2016,2016,0.014,,,,,,
,,California Chaparral and Oak Woodlands,,,Historical Rate: Drought Low Severity,Historical Year: Drought,2002,2002,0.01,,,,,,
,,California Chaparral and Oak Woodlands,,,Historical Rate: Drought Low Severity,Historical Year: Drought,2003,2003,0.0067,,,,,,
,,California Chaparral and Oak Woodlands,,,Historical Rate: Drought Low Severity,Historical Year: Drought,2004,2004,0.0017,,,,,,
,,California Chaparral and Oak Woodlands,,,Historical Rate: Drought Low Severity,Historical Year: Drought,2005,2005,0.005,,,,,,
,,California Chaparral and Oak Woodlands,,,Historical Rate: Drought Low Severity,Historical Year: Drought,2006,2006,0.0041,,,,,,
,,California Chaparral and Oak Woodlands,,,Historical Rate: Drought Low Severity,Historical Year: Drought,2007,2007,0.0026,,,,,,
,,California Chaparral and Oak Woodlands,,,Historical Rate: Drought Low Severity,Historical Year: Drought,2008,2008,0.0017,,,,,,
,,California Chaparral and Oak Woodlands,,,Historical Rate: Drought Low Severity,Historical Year: Drought,2009,2009,0.001,,,,,,
,,California Chaparral and Oak Woodlands,,,Historical Rate: Drought Low Severity,Historical Year: Drought,2010,2010,0.0009,,,,,,
,,California Chaparral and Oak Woodlands,,,Historical Rate: Drought Low Severity,Historical Year: Drought,2011,2011,0.0015,,,,,,
,,California Chaparral and Oak Woodlands,,,Historical Rate: Drought Low Severity,Historical Year: Drought,2012,2012,0.0026,,,,,,
,,California Chaparral and Oak Woodlands,,,Historical Rate: Drought Low Severity,Historical Year: Drought,2013,2013,0.0054,,,,,,
,,California Chaparral and Oak Woodlands,,,Historical Rate: Drought Low Severity,Historical Year: Drought,2014,2014,0.0073,,,,,,
,,California Chaparral and Oak Woodlands,,,Historical Rate: Drought Low Severity,Historical Year: Drought,2015,2015,0.023,,,,,,
,,California Chaparral and Oak Woodlands,,,Historical Rate: Drought Low Severity,Historical Year: Drought,2016,2016,0.0221,,,,,,
,,California Chaparral and Oak Woodlands,,,Historical Rate: Drought Medium Severity,Historical Year: Drought,2002,2002,0,,,,,,
,,California Chaparral and Oak Woodlands,,,Historical Rate: Drought Medium Severity,Historical Year: Drought,2003,2003,0.0001,,,,,,
,,California Chaparral and Oak Woodlands,,,Historical Rate: Drought Medium Severity,Historical Year: Drought,2004,2004,0.0003,,,,,,
,,California Chaparral and Oak Woodlands,,,Historical Rate: Drought Medium Severity,Historical Year: Drought,2005,2005,0,,,,,,
,,California Chaparral and Oak Woodlands,,,Historical Rate: Drought Medium Severity,Historical Year: Drought,2006,2006,0.0001,,,,,,
,,California Chaparral and Oak Woodlands,,,Historical Rate: Drought Medium Severity,Historical Year: Drought,2007,2007,0.0004,,,,,,
,,California Chaparral and Oak Woodlands,,,Historical Rate: Drought Medium Severity,Historical Year: Drought,2008,2008,0,,,,,,
,,California Chaparral and Oak Woodlands,,,Historical Rate: Drought Medium Severity,Historical Year: Drought,2009,2009,0,,,,,,
,,California Chaparral and Oak Woodlands,,,Historical Rate: Drought Medium Severity,Historical Year: Drought,2010,2010,0,,,,,,
,,California Chaparral and Oak Woodlands,,,Historical Rate: Drought Medium Severity,Historical Year: Drought,2011,2011,0,,,,,,
,,California Chaparral and Oak Woodlands,,,Historical Rate: Drought Medium Severity,Historical Year: Drought,2012,2012,0.0005,,,,,,
,,California Chaparral and Oak Woodlands,,,Historical Rate: Drought Medium Severity,Historical Year: Drought,2013,2013,0.0005,,,,,,
,,California Chaparral and Oak Woodlands,,,Historical Rate: Drought Medium Severity,Historical Year: Drought,2014,2014,0.0012,,,,,,
,,California Chaparral and Oak Woodlands,,,Historical Rate: Drought Medium Severity,Historical Year: Drought,2015,2015,0.0049,,,,,,
,,California Chaparral and Oak Woodlands,,,Historical Rate: Drought Medium Severity,Historical Year: Drought,2016,2016,0.0071,,,,,,
,,Cascades,,,Historical Rate: Drought High Severity,Historical Year: Drought,2002,2002,0.0067,,,,,,
,,Cascades,,,Historical Rate: Drought High Severity,Historical Year: Drought,2003,2003,0,,,,,,
,,Cascades,,,Historical Rate: Drought High Severity,Historical Year: Drought,2004,2004,0.003,,,,,,
,,Cascades,,,Historical Rate: Drought High Severity,Historical Year: Drought,2005,2005,0.0001,,,,,,
,,Cascades,,,Historical Rate: Drought High Severity,Historical Year: Drought,2006,2006,0.0001,,,,,,
,,Cascades,,,Historical Rate: Drought High Severity,Historical Year: Drought,2007,2007,0,,,,,,
,,Cascades,,,Historical Rate: Drought High Severity,Historical Year: Drought,2008,2008,0,,,,,,
,,Cascades,,,Historical Rate: Drought High Severity,Historical Year: Drought,2009,2009,0.0021,,,,,,
,,Cascades,,,Historical Rate: Drought High Severity,Historical Year: Drought,2010,2010,0.0003,,,,,,
,,Cascades,,,Historical Rate: Drought High Severity,Historical Year: Drought,2011,2011,0.0259,,,,,,
,,Cascades,,,Historical Rate: Drought High Severity,Historical Year: Drought,2012,2012,0,,,,,,
,,Cascades,,,Historical Rate: Drought High Severity,Historical Year: Drought,2013,2013,0.0009,,,,,,
,,Cascades,,,Historical Rate: Drought High Severity,Historical Year: Drought,2014,2014,0.0002,,,,,,
,,Cascades,,,Historical Rate: Drought High Severity,Historical Year: Drought,2015,2015,0,,,,,,
,,Cascades,,,Historical Rate: Drought High Severity,Historical Year: Drought,2016,2016,0.0007,,,,,,
,,Cascades,,,Historical Rate: Drought Low Severity,Historical Year: Drought,2002,2002,0.0251,,,,,,
,,Cascades,,,Historical Rate: Drought Low Severity,Historical Year: Drought,2003,2003,0.0585,,,,,,
,,Cascades,,,Historical Rate: Drought Low Severity,Historical Year: Drought,2004,2004,0.0441,,,,,,
,,Cascades,,,Historical Rate: Drought Low Severity,Historical Year: Drought,2005,2005,0.0453,,,,,,
,,Cascades,,,Historical Rate: Drought Low Severity,Historical Year: Drought,2006,2006,0.0163,,,,,,
,,Cascades,,,Historical Rate: Drought Low Severity,Historical Year: Drought,2007,2007,0.0227,,,,,,
,,Cascades,,,Historical Rate: Drought Low Severity,Historical Year: Drought,2008,2008,0.0229,,,,,,
,,Cascades,,,Historical Rate: Drought Low Severity,Historical Year: Drought,2009,2009,0.0344,,,,,,
,,Cascades,,,Historical Rate: Drought Low Severity,Historical Year: Drought,2010,2010,0.0478,,,,,,
,,Cascades,,,Historical Rate: Drought Low Severity,Historical Year: Drought,2011,2011,0.0461,,,,,,
,,Cascades,,,Historical Rate: Drought Low Severity,Historical Year: Drought,2012,2012,0.0383,,,,,,
,,Cascades,,,Historical Rate: Drought Low Severity,Historical Year: Drought,2013,2013,0.0281,,,,,,
,,Cascades,,,Historical Rate: Drought Low Severity,Historical Year: Drought,2014,2014,0.0581,,,,,,
,,Cascades,,,Historical Rate: Drought Low Severity,Historical Year: Drought,2015,2015,0.0767,,,,,,
,,Cascades,,,Historical Rate: Drought Low Severity,Historical Year: Drought,2016,2016,0.0788,,,,,,
,,Cascades,,,Historical Rate: Drought Medium Severity,Historical Year: Drought,2002,2002,0.0011,,,,,,
,,Cascades,,,Historical Rate: Drought Medium Severity,Historical Year: Drought,2003,2003,0,,,,,,
,,Cascades,,,Historical Rate: Drought Medium Severity,Historical Year: Drought,2004,2004,0.011,,,,,,
,,Cascades,,,Historical Rate: Drought Medium Severity,Historical Year: Drought,2005,2005,0.0101,,,,,,
,,Cascades,,,Historical Rate: Drought Medium Severity,Historical Year: Drought,2006,2006,0.0009,,,,,,
,,Cascades,,,Historical Rate: Drought Medium Severity,Historical Year: Drought,2007,2007,0,,,,,,
,,Cascades,,,Historical Rate: Drought Medium Severity,Historical Year: Drought,2008,2008,0.0007,,,,,,
,,Cascades,,,Historical Rate: Drought Medium Severity,Historical Year: Drought,2009,2009,0.0016,,,,,,
,,Cascades,,,Historical Rate: Drought Medium Severity,Historical Year: Drought,2010,2010,0.0059,,,,,,
,,Cascades,,,Historical Rate: Drought Medium Severity,Historical Year: Drought,2011,2011,0.0084,,,,,,
,,Cascades,,,Historical Rate: Drought Medium Severity,Historical Year: Drought,2012,2012,0.0047,,,,,,
,,Cascades,,,Historical Rate: Drought Medium Severity,Historical Year: Drought,2013,2013,0.0002,,,,,,
,,Cascades,,,Historical Rate: Drought Medium Severity,Historical Year: Drought,2014,2014,0.0021,,,,,,
,,Cascades,,,Historical Rate: Drought Medium Severity,Historical Year: Drought,2015,2015,0.0125,,,,,,
,,Cascades,,,Historical Rate: Drought Medium Severity,Historical Year: Drought,2016,2016,0.0029,,,,,,
,,Central Basin and Range,,,Historical Rate: Drought High Severity,Historical Year: Drought,2002,2002,0,,,,,,
,,Central Basin and Range,,,Historical Rate: Drought High Severity,Historical Year: Drought,2003,2003,0,,,,,,
,,Central Basin and Range,,,Historical Rate: Drought High Severity,Historical Year: Drought,2004,2004,0.0041,,,,,,
,,Central Basin and Range,,,Historical Rate: Drought High Severity,Historical Year: Drought,2005,2005,0,,,,,,
,,Central Basin and Range,,,Historical Rate: Drought High Severity,Historical Year: Drought,2006,2006,0,,,,,,
,,Central Basin and Range,,,Historical Rate: Drought High Severity,Historical Year: Drought,2007,2007,0,,,,,,
,,Central Basin and Range,,,Historical Rate: Drought High Severity,Historical Year: Drought,2008,2008,0,,,,,,
,,Central Basin and Range,,,Historical Rate: Drought High Severity,Historical Year: Drought,2009,2009,0.0002,,,,,,
,,Central Basin and Range,,,Historical Rate: Drought High Severity,Historical Year: Drought,2010,2010,0.0002,,,,,,
,,Central Basin and Range,,,Historical Rate: Drought High Severity,Historical Year: Drought,2011,2011,0.0001,,,,,,
,,Central Basin and Range,,,Historical Rate: Drought High Severity,Historical Year: Drought,2012,2012,0,,,,,,
,,Central Basin and Range,,,Historical Rate: Drought High Severity,Historical Year: Drought,2013,2013,0,,,,,,
,,Central Basin and Range,,,Historical Rate: Drought High Severity,Historical Year: Drought,2014,2014,0,,,,,,
,,Central Basin and Range,,,Historical Rate: Drought High Severity,Historical Year: Drought,2015,2015,0,,,,,,
,,Central Basin and Range,,,Historical Rate: Drought High Severity,Historical Year: Drought,2016,2016,0.0003,,,,,,
,,Central Basin and Range,,,Historical Rate: Drought Low Severity,Historical Year: Drought,2002,2002,0.0036,,,,,,
,,Central Basin and Range,,,Historical Rate: Drought Low Severity,Historical Year: Drought,2003,2003,0.1645,,,,,,
,,Central Basin and Range,,,Historical Rate: Drought Low Severity,Historical Year: Drought,2004,2004,0.074,,,,,,
,,Central Basin and Range,,,Historical Rate: Drought Low Severity,Historical Year: Drought,2005,2005,0.0038,,,,,,
,,Central Basin and Range,,,Historical Rate: Drought Low Severity,Historical Year: Drought,2006,2006,0.0034,,,,,,
,,Central Basin and Range,,,Historical Rate: Drought Low Severity,Historical Year: Drought,2007,2007,0.0022,,,,,,
,,Central Basin and Range,,,Historical Rate: Drought Low Severity,Historical Year: Drought,2008,2008,0.0037,,,,,,
,,Central Basin and Range,,,Historical Rate: Drought Low Severity,Historical Year: Drought,2009,2009,0.0021,,,,,,
,,Central Basin and Range,,,Historical Rate: Drought Low Severity,Historical Year: Drought,2010,2010,0.0023,,,,,,
,,Central Basin and Range,,,Historical Rate: Drought Low Severity,Historical Year: Drought,2011,2011,0.0022,,,,,,
,,Central Basin and Range,,,Historical Rate: Drought Low Severity,Historical Year: Drought,2012,2012,0.0052,,,,,,
,,Central Basin and Range,,,Historical Rate: Drought Low Severity,Historical Year: Drought,2013,2013,0.0059,,,,,,
,,Central Basin and Range,,,Historical Rate: Drought Low Severity,Historical Year: Drought,2014,2014,0.0162,,,,,,
,,Central Basin and Range,,,Historical Rate: Drought Low Severity,Historical Year: Drought,2015,2015,0.0034,,,,,,
,,Central Basin and Range,,,Historical Rate: Drought Low Severity,Historical Year: Drought,2016,2016,0.01,,,,,,
,,Central Basin and Range,,,Historical Rate: Drought Medium Severity,Historical Year: Drought,2002,2002,0.0013,,,,,,
,,Central Basin and Range,,,Historical Rate: Drought Medium Severity,Historical Year: Drought,2003,2003,0,,,,,,
,,Central Basin and Range,,,Historical Rate: Drought Medium Severity,Historical Year: Drought,2004,2004,0.0212,,,,,,
,,Central Basin and Range,,,Historical Rate: Drought Medium Severity,Historical Year: Drought,2005,2005,0,,,,,,
,,Central Basin and Range,,,Historical Rate: Drought Medium Severity,Historical Year: Drought,2006,2006,0,,,,,,
,,Central Basin and Range,,,Historical Rate: Drought Medium Severity,Historical Year: Drought,2007,2007,0,,,,,,
,,Central Basin and Range,,,Historical Rate: Drought Medium Severity,Historical Year: Drought,2008,2008,0,,,,,,
,,Central Basin and Range,,,Historical Rate: Drought Medium Severity,Historical Year: Drought,2009,2009,0,,,,,,
,,Central Basin and Range,,,Historical Rate: Drought Medium Severity,Historical Year: Drought,2010,2010,0.0007,,,,,,
,,Central Basin and Range,,,Historical Rate: Drought Medium Severity,Historical Year: Drought,2011,2011,0.0001,,,,,,
,,Central Basin and Range,,,Historical Rate: Drought Medium Severity,Historical Year: Drought,2012,2012,0.0002,,,,,,
,,Central Basin and Range,,,Historical Rate: Drought Medium Severity,Historical Year: Drought,2013,2013,0,,,,,,
,,Central Basin and Range,,,Historical Rate: Drought Medium Severity,Historical Year: Drought,2014,2014,0.0015,,,,,,
,,Central Basin and Range,,,Historical Rate: Drought Medium Severity,Historical Year: Drought,2015,2015,0.0004,,,,,,
,,Central Basin and Range,,,Historical Rate: Drought Medium Severity,Historical Year: Drought,2016,2016,0.0029,,,,,,
,,Central California Valley,,,Historical Rate: Drought High Severity,Historical Year: Drought,2002,2002,0,,,,,,
,,Central California Valley,,,Historical Rate: Drought High Severity,Historical Year: Drought,2003,2003,0,,,,,,
,,Central California Valley,,,Historical Rate: Drought High Severity,Historical Year: Drought,2004,2004,0,,,,,,
,,Central California Valley,,,Historical Rate: Drought High Severity,Historical Year: Drought,2005,2005,0,,,,,,
,,Central California Valley,,,Historical Rate: Drought High Severity,Historical Year: Drought,2006,2006,0,,,,,,
,,Central California Valley,,,Historical Rate: Drought High Severity,Historical Year: Drought,2007,2007,0,,,,,,
,,Central California Valley,,,Historical Rate: Drought High Severity,Historical Year: Drought,2008,2008,0,,,,,,
,,Central California Valley,,,Historical Rate: Drought High Severity,Historical Year: Drought,2009,2009,0,,,,,,
,,Central California Valley,,,Historical Rate: Drought High Severity,Historical Year: Drought,2010,2010,0,,,,,,
,,Central California Valley,,,Historical Rate: Drought High Severity,Historical Year: Drought,2011,2011,0,,,,,,
,,Central California Valley,,,Historical Rate: Drought High Severity,Historical Year: Drought,2012,2012,0,,,,,,
,,Central California Valley,,,Historical Rate: Drought High Severity,Historical Year: Drought,2013,2013,0,,,,,,
,,Central California Valley,,,Historical Rate: Drought High Severity,Historical Year: Drought,2014,2014,0,,,,,,
,,Central California Valley,,,Historical Rate: Drought High Severity,Historical Year: Drought,2015,2015,0,,,,,,
,,Central California Valley,,,Historical Rate: Drought High Severity,Historical Year: Drought,2016,2016,0.0006,,,,,,
,,Central California Valley,,,Historical Rate: Drought Low Severity,Historical Year: Drought,2002,2002,0.0002,,,,,,
,,Central California Valley,,,Historical Rate: Drought Low Severity,Historical Year: Drought,2003,2003,0.001,,,,,,
,,Central California Valley,,,Historical Rate: Drought Low Severity,Historical Year: Drought,2004,2004,0,,,,,,
,,Central California Valley,,,Historical Rate: Drought Low Severity,Historical Year: Drought,2005,2005,0,,,,,,
,,Central California Valley,,,Historical Rate: Drought Low Severity,Historical Year: Drought,2006,2006,0,,,,,,
,,Central California Valley,,,Historical Rate: Drought Low Severity,Historical Year: Drought,2007,2007,0,,,,,,
,,Central California Valley,,,Historical Rate: Drought Low Severity,Historical Year: Drought,2008,2008,0,,,,,,
,,Central California Valley,,,Historical Rate: Drought Low Severity,Historical Year: Drought,2009,2009,0.0002,,,,,,
,,Central California Valley,,,Historical Rate: Drought Low Severity,Historical Year: Drought,2010,2010,0,,,,,,
,,Central California Valley,,,Historical Rate: Drought Low Severity,Historical Year: Drought,2011,2011,0,,,,,,
,,Central California Valley,,,Historical Rate: Drought Low Severity,Historical Year: Drought,2012,2012,0,,,,,,
,,Central California Valley,,,Historical Rate: Drought Low Severity,Historical Year: Drought,2013,2013,0.0032,,,,,,
,,Central California Valley,,,Historical Rate: Drought Low Severity,Historical Year: Drought,2014,2014,0.0127,,,,,,
,,Central California Valley,,,Historical Rate: Drought Low Severity,Historical Year: Drought,2015,2015,0.0018,,,,,,
,,Central California Valley,,,Historical Rate: Drought Low Severity,Historical Year: Drought,2016,2016,0.0002,,,,,,
,,Central California Valley,,,Historical Rate: Drought Medium Severity,Historical Year: Drought,2002,2002,0,,,,,,
,,Central California Valley,,,Historical Rate: Drought Medium Severity,Historical Year: Drought,2003,2003,0,,,,,,
,,Central California Valley,,,Historical Rate: Drought Medium Severity,Historical Year: Drought,2004,2004,0,,,,,,
,,Central California Valley,,,Historical Rate: Drought Medium Severity,Historical Year: Drought,2005,2005,0,,,,,,
,,Central California Valley,,,Historical Rate: Drought Medium Severity,Historical Year: Drought,2006,2006,0,,,,,,
,,Central California Valley,,,Historical Rate: Drought Medium Severity,Historical Year: Drought,2007,2007,0,,,,,,
,,Central California Valley,,,Historical Rate: Drought Medium Severity,Historical Year: Drought,2008,2008,0,,,,,,
,,Central California Valley,,,Historical Rate: Drought Medium Severity,Historical Year: Drought,2009,2009,0,,,,,,
,,Central California Valley,,,Historical Rate: Drought Medium Severity,Historical Year: Drought,2010,2010,0,,,,,,
,,Central California Valley,,,Historical Rate: Drought Medium Severity,Historical Year: Drought,2011,2011,0,,,,,,
,,Central California Valley,,,Historical Rate: Drought Medium Severity,Historical Year: Drought,2012,2012,0,,,,,,
,,Central California Valley,,,Historical Rate: Drought Medium Severity,Historical Year: Drought,2013,2013,0,,,,,,
,,Central California Valley,,,Historical Rate: Drought Medium Severity,Historical Year: Drought,2014,2014,0.0024,,,,,,
,,Central California Valley,,,Historical Rate: Drought Medium Severity,Historical Year: Drought,2015,2015,0,,,,,,
,,Central California Valley,,,Historical Rate: Drought Medium Severity,Historical Year: Drought,2016,2016,0,,,,,,
,,Coast Range,,,Historical Rate: Drought High Severity,Historical Year: Drought,2002,2002,0,,,,,,
,,Coast Range,,,Historical Rate: Drought High Severity,Historical Year: Drought,2003,2003,0,,,,,,
,,Coast Range,,,Historical Rate: Drought High Severity,Historical Year: Drought,2004,2004,0,,,,,,
,,Coast Range,,,Historical Rate: Drought High Severity,Historical Year: Drought,2005,2005,0,,,,,,
,,Coast Range,,,Historical Rate: Drought High Severity,Historical Year: Drought,2006,2006,0.0003,,,,,,
,,Coast Range,,,Historical Rate: Drought High Severity,Historical Year: Drought,2007,2007,0.0023,,,,,,
,,Coast Range,,,Historical Rate: Drought High Severity,Historical Year: Drought,2008,2008,0,,,,,,
,,Coast Range,,,Historical Rate: Drought High Severity,Historical Year: Drought,2009,2009,0,,,,,,
,,Coast Range,,,Historical Rate: Drought High Severity,Historical Year: Drought,2010,2010,0,,,,,,
,,Coast Range,,,Historical Rate: Drought High Severity,Historical Year: Drought,2011,2011,0.0001,,,,,,
,,Coast Range,,,Historical Rate: Drought High Severity,Historical Year: Drought,2012,2012,0.0004,,,,,,
,,Coast Range,,,Historical Rate: Drought High Severity,Historical Year: Drought,2013,2013,0.0001,,,,,,
,,Coast Range,,,Historical Rate: Drought High Severity,Historical Year: Drought,2014,2014,0,,,,,,
,,Coast Range,,,Historical Rate: Drought High Severity,Historical Year: Drought,2015,2015,0.0005,,,,,,
,,Coast Range,,,Historical Rate: Drought High Severity,Historical Year: Drought,2016,2016,0,,,,,,
,,Coast Range,,,Historical Rate: Drought Low Severity,Historical Year: Drought,2002,2002,0.0238,,,,,,
,,Coast Range,,,Historical Rate: Drought Low Severity,Historical Year: Drought,2003,2003,0.0012,,,,,,
,,Coast Range,,,Historical Rate: Drought Low Severity,Historical Year: Drought,2004,2004,0.0008,,,,,,
,,Coast Range,,,Historical Rate: Drought Low Severity,Historical Year: Drought,2005,2005,0.0141,,,,,,
,,Coast Range,,,Historical Rate: Drought Low Severity,Historical Year: Drought,2006,2006,0.0171,,,,,,
,,Coast Range,,,Historical Rate: Drought Low Severity,Historical Year: Drought,2007,2007,0.019,,,,,,
,,Coast Range,,,Historical Rate: Drought Low Severity,Historical Year: Drought,2008,2008,0.0092,,,,,,
,,Coast Range,,,Historical Rate: Drought Low Severity,Historical Year: Drought,2009,2009,0.0044,,,,,,
,,Coast Range,,,Historical Rate: Drought Low Severity,Historical Year: Drought,2010,2010,0.0033,,,,,,
,,Coast Range,,,Historical Rate: Drought Low Severity,Historical Year: Drought,2011,2011,0.0068,,,,,,
,,Coast Range,,,Historical Rate: Drought Low Severity,Historical Year: Drought,2012,2012,0.0262,,,,,,
,,Coast Range,,,Historical Rate: Drought Low Severity,Historical Year: Drought,2013,2013,0.0179,,,,,,
,,Coast Range,,,Historical Rate: Drought Low Severity,Historical Year: Drought,2014,2014,0.0083,,,,,,
,,Coast Range,,,Historical Rate: Drought Low Severity,Historical Year: Drought,2015,2015,0.0351,,,,,,
,,Coast Range,,,Historical Rate: Drought Low Severity,Historical Year: Drought,2016,2016,0.0476,,,,,,
,,Coast Range,,,Historical Rate: Drought Medium Severity,Historical Year: Drought,2002,2002,0,,,,,,
,,Coast Range,,,Historical Rate: Drought Medium Severity,Historical Year: Drought,2003,2003,0,,,,,,
,,Coast Range,,,Historical Rate: Drought Medium Severity,Historical Year: Drought,2004,2004,0,,,,,,
,,Coast Range,,,Historical Rate: Drought Medium Severity,Historical Year: Drought,2005,2005,0.0003,,,,,,
,,Coast Range,,,Historical Rate: Drought Medium Severity,Historical Year: Drought,2006,2006,0.0007,,,,,,
,,Coast Range,,,Historical Rate: Drought Medium Severity,Historical Year: Drought,2007,2007,0.0029,,,,,,
,,Coast Range,,,Historical Rate: Drought Medium Severity,Historical Year: Drought,2008,2008,0,,,,,,
,,Coast Range,,,Historical Rate: Drought Medium Severity,Historical Year: Drought,2009,2009,0.0001,,,,,,
,,Coast Range,,,Historical Rate: Drought Medium Severity,Historical Year: Drought,2010,2010,0.0001,,,,,,
,,Coast Range,,,Historical Rate: Drought Medium Severity,Historical Year: Drought,2011,2011,0.0003,,,,,,
,,Coast Range,,,Historical Rate: Drought Medium Severity,Historical Year: Drought,2012,2012,0.0018,,,,,,
,,Coast Range,,,Historical Rate: Drought Medium Severity,Historical Year: Drought,2013,2013,0.0006,,,,,,
,,Coast Range,,,Historical Rate: Drought Medium Severity,Historical Year: Drought,2014,2014,0.0001,,,,,,
,,Coast Range,,,Historical Rate: Drought Medium Severity,Historical Year: Drought,2015,2015,0.0021,,,,,,
,,Coast Range,,,Historical Rate: Drought Medium Severity,Historical Year: Drought,2016,2016,0.0001,,,,,,
,,Eastern Cascades Slopes and Foothills,,,Historical Rate: Drought High Severity,Historical Year: Drought,2002,2002,0.0001,,,,,,
,,Eastern Cascades Slopes and Foothills,,,Historical Rate: Drought High Severity,Historical Year: Drought,2003,2003,0.0001,,,,,,
,,Eastern Cascades Slopes and Foothills,,,Historical Rate: Drought High Severity,Historical Year: Drought,2004,2004,0.001,,,,,,
,,Eastern Cascades Slopes and Foothills,,,Historical Rate: Drought High Severity,Historical Year: Drought,2005,2005,0,,,,,,
,,Eastern Cascades Slopes and Foothills,,,Historical Rate: Drought High Severity,Historical Year: Drought,2006,2006,0.0007,,,,,,
,,Eastern Cascades Slopes and Foothills,,,Historical Rate: Drought High Severity,Historical Year: Drought,2007,2007,0.0008,,,,,,
,,Eastern Cascades Slopes and Foothills,,,Historical Rate: Drought High Severity,Historical Year: Drought,2008,2008,0.001,,,,,,
,,Eastern Cascades Slopes and Foothills,,,Historical Rate: Drought High Severity,Historical Year: Drought,2009,2009,0.001,,,,,,
,,Eastern Cascades Slopes and Foothills,,,Historical Rate: Drought High Severity,Historical Year: Drought,2010,2010,0.0019,,,,,,
,,Eastern Cascades Slopes and Foothills,,,Historical Rate: Drought High Severity,Historical Year: Drought,2011,2011,0.0053,,,,,,
,,Eastern Cascades Slopes and Foothills,,,Historical Rate: Drought High Severity,Historical Year: Drought,2012,2012,0.0005,,,,,,
,,Eastern Cascades Slopes and Foothills,,,Historical Rate: Drought High Severity,Historical Year: Drought,2013,2013,0.0002,,,,,,
,,Eastern Cascades Slopes and Foothills,,,Historical Rate: Drought High Severity,Historical Year: Drought,2014,2014,0,,,,,,
,,Eastern Cascades Slopes and Foothills,,,Historical Rate: Drought High Severity,Historical Year: Drought,2015,2015,0.0564,,,,,,
,,Eastern Cascades Slopes and Foothills,,,Historical Rate: Drought High Severity,Historical Year: Drought,2016,2016,0.0057,,,,,,
,,Eastern Cascades Slopes and Foothills,,,Historical Rate: Drought Low Severity,Historical Year: Drought,2002,2002,0.0643,,,,,,
,,Eastern Cascades Slopes and Foothills,,,Historical Rate: Drought Low Severity,Historical Year: Drought,2003,2003,0.2176,,,,,,
,,Eastern Cascades Slopes and Foothills,,,Historical Rate: Drought Low Severity,Historical Year: Drought,2004,2004,0.1287,,,,,,
,,Eastern Cascades Slopes and Foothills,,,Historical Rate: Drought Low Severity,Historical Year: Drought,2005,2005,0.0678,,,,,,
,,Eastern Cascades Slopes and Foothills,,,Historical Rate: Drought Low Severity,Historical Year: Drought,2006,2006,0.0148,,,,,,
,,Eastern Cascades Slopes and Foothills,,,Historical Rate: Drought Low Severity,Historical Year: Drought,2007,2007,0.0107,,,,,,
,,Eastern Cascades Slopes and Foothills,,,Historical Rate: Drought Low Severity,Historical Year: Drought,2008,2008,0.0062,,,,,,
,,Eastern Cascades Slopes and Foothills,,,Historical Rate: Drought Low Severity,Historical Year: Drought,2009,2009,0.0094,,,,,,
,,Eastern Cascades Slopes and Foothills,,,Historical Rate: Drought Low Severity,Historical Year: Drought,2010,2010,0.0281,,,,,,
,,Eastern Cascades Slopes and Foothills,,,Historical Rate: Drought Low Severity,Historical Year: Drought,2011,2011,0.0334,,,,,,
,,Eastern Cascades Slopes and Foothills,,,Historical Rate: Drought Low Severity,Historical Year: Drought,2012,2012,0.0299,,,,,,
,,Eastern Cascades Slopes and Foothills,,,Historical Rate: Drought Low Severity,Historical Year: Drought,2013,2013,0.0291,,,,,,
,,Eastern Cascades Slopes and Foothills,,,Historical Rate: Drought Low Severity,Historical Year: Drought,2014,2014,0.0376,,,,,,
,,Eastern Cascades Slopes and Foothills,,,Historical Rate: Drought Low Severity,Historical Year: Drought,2015,2015,0.062,,,,,,
,,Eastern Cascades Slopes and Foothills,,,Historical Rate: Drought Low Severity,Historical Year: Drought,2016,2016,0.1199,,,,,,
,,Eastern Cascades Slopes and Foothills,,,Historical Rate: Drought Medium Severity,Historical Year: Drought,2002,2002,0.0006,,,,,,
,,Eastern Cascades Slopes and Foothills,,,Historical Rate: Drought Medium Severity,Historical Year: Drought,2003,2003,0.0029,,,,,,
,,Eastern Cascades Slopes and Foothills,,,Historical Rate: Drought Medium Severity,Historical Year: Drought,2004,2004,0.0014,,,,,,
,,Eastern Cascades Slopes and Foothills,,,Historical Rate: Drought Medium Severity,Historical Year: Drought,2005,2005,0.0005,,,,,,
,,Eastern Cascades Slopes and Foothills,,,Historical Rate: Drought Medium Severity,Historical Year: Drought,2006,2006,0,,,,,,
,,Eastern Cascades Slopes and Foothills,,,Historical Rate: Drought Medium Severity,Historical Year: Drought,2007,2007,0.0002,,,,,,
,,Eastern Cascades Slopes and Foothills,,,Historical Rate: Drought Medium Severity,Historical Year: Drought,2008,2008,0.0013,,,,,,
,,Eastern Cascades Slopes and Foothills,,,Historical Rate: Drought Medium Severity,Historical Year: Drought,2009,2009,0.0007,,,,,,
,,Eastern Cascades Slopes and Foothills,,,Historical Rate: Drought Medium Severity,Historical Year: Drought,2010,2010,0.0021,,,,,,
,,Eastern Cascades Slopes and Foothills,,,Historical Rate: Drought Medium Severity,Historical Year: Drought,2011,2011,0.0018,,,,,,
,,Eastern Cascades Slopes and Foothills,,,Historical Rate: Drought Medium Severity,Historical Year: Drought,2012,2012,0.0012,,,,,,
,,Eastern Cascades Slopes and Foothills,,,Historical Rate: Drought Medium Severity,Historical Year: Drought,2013,2013,0.0005,,,,,,
,,Eastern Cascades Slopes and Foothills,,,Historical Rate: Drought Medium Severity,Historical Year: Drought,2014,2014,0.0013,,,,,,
,,Eastern Cascades Slopes and Foothills,,,Historical Rate: Drought Medium Severity,Historical Year: Drought,2015,2015,0.0085,,,,,,
,,Eastern Cascades Slopes and Foothills,,,Historical Rate: Drought Medium Severity,Historical Year: Drought,2016,2016,0.0151,,,,,,
,,Klamath Mountains,,,Historical Rate: Drought High Severity,Historical Year: Drought,2002,2002,0.0002,,,,,,
,,Klamath Mountains,,,Historical Rate: Drought High Severity,Historical Year: Drought,2003,2003,0.0006,,,,,,
,,Klamath Mountains,,,Historical Rate: Drought High Severity,Historical Year: Drought,2004,2004,0.0001,,,,,,
,,Klamath Mountains,,,Historical Rate: Drought High Severity,Historical Year: Drought,2005,2005,0.0001,,,,,,
,,Klamath Mountains,,,Historical Rate: Drought High Severity,Historical Year: Drought,2006,2006,0,,,,,,
,,Klamath Mountains,,,Historical Rate: Drought High Severity,Historical Year: Drought,2007,2007,0,,,,,,
,,Klamath Mountains,,,Historical Rate: Drought High Severity,Historical Year: Drought,2008,2008,0,,,,,,
,,Klamath Mountains,,,Historical Rate: Drought High Severity,Historical Year: Drought,2009,2009,0.0001,,,,,,
,,Klamath Mountains,,,Historical Rate: Drought High Severity,Historical Year: Drought,2010,2010,0.0005,,,,,,
,,Klamath Mountains,,,Historical Rate: Drought High Severity,Historical Year: Drought,2011,2011,0,,,,,,
,,Klamath Mountains,,,Historical Rate: Drought High Severity,Historical Year: Drought,2012,2012,0,,,,,,
,,Klamath Mountains,,,Historical Rate: Drought High Severity,Historical Year: Drought,2013,2013,0,,,,,,
,,Klamath Mountains,,,Historical Rate: Drought High Severity,Historical Year: Drought,2014,2014,0.0001,,,,,,
,,Klamath Mountains,,,Historical Rate: Drought High Severity,Historical Year: Drought,2015,2015,0.0039,,,,,,
,,Klamath Mountains,,,Historical Rate: Drought High Severity,Historical Year: Drought,2016,2016,0.0001,,,,,,
,,Klamath Mountains,,,Historical Rate: Drought Low Severity,Historical Year: Drought,2002,2002,0.0147,,,,,,
,,Klamath Mountains,,,Historical Rate: Drought Low Severity,Historical Year: Drought,2003,2003,0.0112,,,,,,
,,Klamath Mountains,,,Historical Rate: Drought Low Severity,Historical Year: Drought,2004,2004,0.0156,,,,,,
,,Klamath Mountains,,,Historical Rate: Drought Low Severity,Historical Year: Drought,2005,2005,0.013,,,,,,
,,Klamath Mountains,,,Historical Rate: Drought Low Severity,Historical Year: Drought,2006,2006,0.0042,,,,,,
,,Klamath Mountains,,,Historical Rate: Drought Low Severity,Historical Year: Drought,2007,2007,0.0037,,,,,,
,,Klamath Mountains,,,Historical Rate: Drought Low Severity,Historical Year: Drought,2008,2008,0.006,,,,,,
,,Klamath Mountains,,,Historical Rate: Drought Low Severity,Historical Year: Drought,2009,2009,0.0057,,,,,,
,,Klamath Mountains,,,Historical Rate: Drought Low Severity,Historical Year: Drought,2010,2010,0.0086,,,,,,
,,Klamath Mountains,,,Historical Rate: Drought Low Severity,Historical Year: Drought,2011,2011,0.0171,,,,,,
,,Klamath Mountains,,,Historical Rate: Drought Low Severity,Historical Year: Drought,2012,2012,0.0144,,,,,,
,,Klamath Mountains,,,Historical Rate: Drought Low Severity,Historical Year: Drought,2013,2013,0.008,,,,,,
,,Klamath Mountains,,,Historical Rate: Drought Low Severity,Historical Year: Drought,2014,2014,0.0184,,,,,,
,,Klamath Mountains,,,Historical Rate: Drought Low Severity,Historical Year: Drought,2015,2015,0.0413,,,,,,
,,Klamath Mountains,,,Historical Rate: Drought Low Severity,Historical Year: Drought,2016,2016,0.0718,,,,,,
,,Klamath Mountains,,,Historical Rate: Drought Medium Severity,Historical Year: Drought,2002,2002,0.0021,,,,,,
,,Klamath Mountains,,,Historical Rate: Drought Medium Severity,Historical Year: Drought,2003,2003,0.0063,,,,,,
,,Klamath Mountains,,,Historical Rate: Drought Medium Severity,Historical Year: Drought,2004,2004,0.0012,,,,,,
,,Klamath Mountains,,,Historical Rate: Drought Medium Severity,Historical Year: Drought,2005,2005,0.0001,,,,,,
,,Klamath Mountains,,,Historical Rate: Drought Medium Severity,Historical Year: Drought,2006,2006,0,,,,,,
,,Klamath Mountains,,,Historical Rate: Drought Medium Severity,Historical Year: Drought,2007,2007,0,,,,,,
,,Klamath Mountains,,,Historical Rate: Drought Medium Severity,Historical Year: Drought,2008,2008,0.0003,,,,,,
,,Klamath Mountains,,,Historical Rate: Drought Medium Severity,Historical Year: Drought,2009,2009,0.0002,,,,,,
,,Klamath Mountains,,,Historical Rate: Drought Medium Severity,Historical Year: Drought,2010,2010,0.0017,,,,,,
,,Klamath Mountains,,,Historical Rate: Drought Medium Severity,Historical Year: Drought,2011,2011,0.0003,,,,,,
,,Klamath Mountains,,,Historical Rate: Drought Medium Severity,Historical Year: Drought,2012,2012,0.0003,,,,,,
,,Klamath Mountains,,,Historical Rate: Drought Medium Severity,Historical Year: Drought,2013,2013,0.0001,,,,,,
,,Klamath Mountains,,,Historical Rate: Drought Medium Severity,Historical Year: Drought,2014,2014,0.0001,,,,,,
,,Klamath Mountains,,,Historical Rate: Drought Medium Severity,Historical Year: Drought,2015,2015,0.0016,,,,,,
,,Klamath Mountains,,,Historical Rate: Drought Medium Severity,Historical Year: Drought,2016,2016,0.0002,,,,,,
,,Mojave Basin and Range,,,Historical Rate: Drought High Severity,Historical Year: Drought,2002,2002,0,,,,,,
,,Mojave Basin and Range,,,Historical Rate: Drought High Severity,Historical Year: Drought,2003,2003,0,,,,,,
,,Mojave Basin and Range,,,Historical Rate: Drought High Severity,Historical Year: Drought,2004,2004,0,,,,,,
,,Mojave Basin and Range,,,Historical Rate: Drought High Severity,Historical Year: Drought,2005,2005,0,,,,,,
,,Mojave Basin and Range,,,Historical Rate: Drought High Severity,Historical Year: Drought,2006,2006,0,,,,,,
,,Mojave Basin and Range,,,Historical Rate: Drought High Severity,Historical Year: Drought,2007,2007,0,,,,,,
,,Mojave Basin and Range,,,Historical Rate: Drought High Severity,Historical Year: Drought,2008,2008,0,,,,,,
,,Mojave Basin and Range,,,Historical Rate: Drought High Severity,Historical Year: Drought,2009,2009,0,,,,,,
,,Mojave Basin and Range,,,Historical Rate: Drought High Severity,Historical Year: Drought,2010,2010,0,,,,,,
,,Mojave Basin and Range,,,Historical Rate: Drought High Severity,Historical Year: Drought,2011,2011,0,,,,,,
,,Mojave Basin and Range,,,Historical Rate: Drought High Severity,Historical Year: Drought,2012,2012,0,,,,,,
,,Mojave Basin and Range,,,Historical Rate: Drought High Severity,Historical Year: Drought,2013,2013,0,,,,,,
,,Mojave Basin and Range,,,Historical Rate: Drought High Severity,Historical Year: Drought,2014,2014,0.0002,,,,,,
,,Mojave Basin and Range,,,Historical Rate: Drought High Severity,Historical Year: Drought,2015,2015,0.0238,,,,,,
,,Mojave Basin and Range,,,Historical Rate: Drought High Severity,Historical Year: Drought,2016,2016,0.0003,,,,,,
,,Mojave Basin and Range,,,Historical Rate: Drought Low Severity,Historical Year: Drought,2002,2002,0,,,,,,
,,Mojave Basin and Range,,,Historical Rate: Drought Low Severity,Historical Year: Drought,2003,2003,0.1327,,,,,,
,,Mojave Basin and Range,,,Historical Rate: Drought Low Severity,Historical Year: Drought,2004,2004,0.0024,,,,,,
,,Mojave Basin and Range,,,Historical Rate: Drought Low Severity,Historical Year: Drought,2005,2005,0.0007,,,,,,
,,Mojave Basin and Range,,,Historical Rate: Drought Low Severity,Historical Year: Drought,2006,2006,0.0001,,,,,,
,,Mojave Basin and Range,,,Historical Rate: Drought Low Severity,Historical Year: Drought,2007,2007,0,,,,,,
,,Mojave Basin and Range,,,Historical Rate: Drought Low Severity,Historical Year: Drought,2008,2008,0.0004,,,,,,
,,Mojave Basin and Range,,,Historical Rate: Drought Low Severity,Historical Year: Drought,2009,2009,0.0001,,,,,,
,,Mojave Basin and Range,,,Historical Rate: Drought Low Severity,Historical Year: Drought,2010,2010,0.0005,,,,,,
,,Mojave Basin and Range,,,Historical Rate: Drought Low Severity,Historical Year: Drought,2011,2011,0,,,,,,
,,Mojave Basin and Range,,,Historical Rate: Drought Low Severity,Historical Year: Drought,2012,2012,0.0002,,,,,,
,,Mojave Basin and Range,,,Historical Rate: Drought Low Severity,Historical Year: Drought,2013,2013,0.0014,,,,,,
,,Mojave Basin and Range,,,Historical Rate: Drought Low Severity,Historical Year: Drought,2014,2014,0.003,,,,,,
,,Mojave Basin and Range,,,Historical Rate: Drought Low Severity,Historical Year: Drought,2015,2015,0.012,,,,,,
,,Mojave Basin and Range,,,Historical Rate: Drought Low Severity,Historical Year: Drought,2016,2016,0.0076,,,,,,
,,Mojave Basin and Range,,,Historical Rate: Drought Medium Severity,Historical Year: Drought,2002,2002,0,,,,,,
,,Mojave Basin and Range,,,Historical Rate: Drought Medium Severity,Historical Year: Drought,2003,2003,0,,,,,,
,,Mojave Basin and Range,,,Historical Rate: Drought Medium Severity,Historical Year: Drought,2004,2004,0.0001,,,,,,
,,Mojave Basin and Range,,,Historical Rate: Drought Medium Severity,Historical Year: Drought,2005,2005,0,,,,,,
,,Mojave Basin and Range,,,Historical Rate: Drought Medium Severity,Historical Year: Drought,2006,2006,0,,,,,,
,,Mojave Basin and Range,,,Historical Rate: Drought Medium Severity,Historical Year: Drought,2007,2007,0,,,,,,
,,Mojave Basin and Range,,,Historical Rate: Drought Medium Severity,Historical Year: Drought,2008,2008,0,,,,,,
,,Mojave Basin and Range,,,Historical Rate: Drought Medium Severity,Historical Year: Drought,2009,2009,0.0002,,,,,,
,,Mojave Basin and Range,,,Historical Rate: Drought Medium Severity,Historical Year: Drought,2010,2010,0,,,,,,
,,Mojave Basin and Range,,,Historical Rate: Drought Medium Severity,Historical Year: Drought,2011,2011,0,,,,,,
,,Mojave Basin and Range,,,Historical Rate: Drought Medium Severity,Historical Year: Drought,2012,2012,0.0001,,,,,,
,,Mojave Basin and Range,,,Historical Rate: Drought Medium Severity,Historical Year: Drought,2013,2013,0,,,,,,
,,Mojave Basin and Range,,,Historical Rate: Drought Medium Severity,Historical Year: Drought,2014,2014,0.0004,,,,,,
,,Mojave Basin and Range,,,Historical Rate: Drought Medium Severity,Historical Year: Drought,2015,2015,0.018,,,,,,
,,Mojave Basin and Range,,,Historical Rate: Drought Medium Severity,Historical Year: Drought,2016,2016,0.0008,,,,,,
,,Northern Basin and Range,,,Historical Rate: Drought High Severity,Historical Year: Drought,2002,2002,0,,,,,,
,,Northern Basin and Range,,,Historical Rate: Drought High Severity,Historical Year: Drought,2003,2003,0,,,,,,
,,Northern Basin and Range,,,Historical Rate: Drought High Severity,Historical Year: Drought,2004,2004,0,,,,,,
,,Northern Basin and Range,,,Historical Rate: Drought High Severity,Historical Year: Drought,2005,2005,0,,,,,,
,,Northern Basin and Range,,,Historical Rate: Drought High Severity,Historical Year: Drought,2006,2006,0,,,,,,
,,Northern Basin and Range,,,Historical Rate: Drought High Severity,Historical Year: Drought,2007,2007,0,,,,,,
,,Northern Basin and Range,,,Historical Rate: Drought High Severity,Historical Year: Drought,2008,2008,0,,,,,,
,,Northern Basin and Range,,,Historical Rate: Drought High Severity,Historical Year: Drought,2009,2009,0,,,,,,
,,Northern Basin and Range,,,Historical Rate: Drought High Severity,Historical Year: Drought,2010,2010,0.0003,,,,,,
,,Northern Basin and Range,,,Historical Rate: Drought High Severity,Historical Year: Drought,2011,2011,0,,,,,,
,,Northern Basin and Range,,,Historical Rate: Drought High Severity,Historical Year: Drought,2012,2012,0,,,,,,
,,Northern Basin and Range,,,Historical Rate: Drought High Severity,Historical Year: Drought,2013,2013,0,,,,,,
,,Northern Basin and Range,,,Historical Rate: Drought High Severity,Historical Year: Drought,2014,2014,0,,,,,,
,,Northern Basin and Range,,,Historical Rate: Drought High Severity,Historical Year: Drought,2015,2015,0.0135,,,,,,
,,Northern Basin and Range,,,Historical Rate: Drought High Severity,Historical Year: Drought,2016,2016,0,,,,,,
,,Northern Basin and Range,,,Historical Rate: Drought Low Severity,Historical Year: Drought,2002,2002,0.0232,,,,,,
,,Northern Basin and Range,,,Historical Rate: Drought Low Severity,Historical Year: Drought,2003,2003,0.0416,,,,,,
,,Northern Basin and Range,,,Historical Rate: Drought Low Severity,Historical Year: Drought,2004,2004,0.032,,,,,,
,,Northern Basin and Range,,,Historical Rate: Drought Low Severity,Historical Year: Drought,2005,2005,0.0116,,,,,,
,,Northern Basin and Range,,,Historical Rate: Drought Low Severity,Historical Year: Drought,2006,2006,0.0049,,,,,,
,,Northern Basin and Range,,,Historical Rate: Drought Low Severity,Historical Year: Drought,2007,2007,0.0019,,,,,,
,,Northern Basin and Range,,,Historical Rate: Drought Low Severity,Historical Year: Drought,2008,2008,0.0008,,,,,,
,,Northern Basin and Range,,,Historical Rate: Drought Low Severity,Historical Year: Drought,2009,2009,0.0004,,,,,,
,,Northern Basin and Range,,,Historical Rate: Drought Low Severity,Historical Year: Drought,2010,2010,0.0054,,,,,,
,,Northern Basin and Range,,,Historical Rate: Drought Low Severity,Historical Year: Drought,2011,2011,0.0044,,,,,,
,,Northern Basin and Range,,,Historical Rate: Drought Low Severity,Historical Year: Drought,2012,2012,0.0024,,,,,,
,,Northern Basin and Range,,,Historical Rate: Drought Low Severity,Historical Year: Drought,2013,2013,0.0035,,,,,,
,,Northern Basin and Range,,,Historical Rate: Drought Low Severity,Historical Year: Drought,2014,2014,0.0073,,,,,,
,,Northern Basin and Range,,,Historical Rate: Drought Low Severity,Historical Year: Drought,2015,2015,0.0232,,,,,,
,,Northern Basin and Range,,,Historical Rate: Drought Low Severity,Historical Year: Drought,2016,2016,0.0157,,,,,,
,,Northern Basin and Range,,,Historical Rate: Drought Medium Severity,Historical Year: Drought,2002,2002,0,,,,,,
,,Northern Basin and Range,,,Historical Rate: Drought Medium Severity,Historical Year: Drought,2003,2003,0.0004,,,,,,
,,Northern Basin and Range,,,Historical Rate: Drought Medium Severity,Historical Year: Drought,2004,2004,0,,,,,,
,,Northern Basin and Range,,,Historical Rate: Drought Medium Severity,Historical Year: Drought,2005,2005,0,,,,,,
,,Northern Basin and Range,,,Historical Rate: Drought Medium Severity,Historical Year: Drought,2006,2006,0,,,,,,
,,Northern Basin and Range,,,Historical Rate: Drought Medium Severity,Historical Year: Drought,2007,2007,0,,,,,,
,,Northern Basin and Range,,,Historical Rate: Drought Medium Severity,Historical Year: Drought,2008,2008,0,,,,,,
,,Northern Basin and Range,,,Historical Rate: Drought Medium Severity,Historical Year: Drought,2009,2009,0,,,,,,
,,Northern Basin and Range,,,Historical Rate: Drought Medium Severity,Historical Year: Drought,2010,2010,0.0005,,,,,,
,,Northern Basin and Range,,,Historical Rate: Drought Medium Severity,Historical Year: Drought,2011,2011,0,,,,,,
,,Northern Basin and Range,,,Historical Rate: Drought Medium Severity,Historical Year: Drought,2012,2012,0.0001,,,,,,
,,Northern Basin and Range,,,Historical Rate: Drought Medium Severity,Historical Year: Drought,2013,2013,0.0001,,,,,,
,,Northern Basin and Range,,,Historical Rate: Drought Medium Severity,Historical Year: Drought,2014,2014,0.0003,,,,,,
,,Northern Basin and Range,,,Historical Rate: Drought Medium Severity,Historical Year: Drought,2015,2015,0.0008,,,,,,
,,Northern Basin and Range,,,Historical Rate: Drought Medium Severity,Historical Year: Drought,2016,2016,0.01,,,,,,
,,Sierra Nevada,,,Historical Rate: Drought High Severity,Historical Year: Drought,2002,2002,0,,,,,,
,,Sierra Nevada,,,Historical Rate: Drought High Severity,Historical Year: Drought,2003,2003,0.0002,,,,,,
,,Sierra Nevada,,,Historical Rate: Drought High Severity,Historical Year: Drought,2004,2004,0.0039,,,,,,
,,Sierra Nevada,,,Historical Rate: Drought High Severity,Historical Year: Drought,2005,2005,0.0006,,,,,,
,,Sierra Nevada,,,Historical Rate: Drought High Severity,Historical Year: Drought,2006,2006,0,,,,,,
,,Sierra Nevada,,,Historical Rate: Drought High Severity,Historical Year: Drought,2007,2007,0,,,,,,
,,Sierra Nevada,,,Historical Rate: Drought High Severity,Historical Year: Drought,2008,2008,0,,,,,,
,,Sierra Nevada,,,Historical Rate: Drought High Severity,Historical Year: Drought,2009,2009,0.0002,,,,,,
,,Sierra Nevada,,,Historical Rate: Drought High Severity,Historical Year: Drought,2010,2010,0.0004,,,,,,
,,Sierra Nevada,,,Historical Rate: Drought High Severity,Historical Year: Drought,2011,2011,0.0003,,,,,,
,,Sierra Nevada,,,Historical Rate: Drought High Severity,Historical Year: Drought,2012,2012,0.0005,,,,,,
,,Sierra Nevada,,,Historical Rate: Drought High Severity,Historical Year: Drought,2013,2013,0.0001,,,,,,
,,Sierra Nevada,,,Historical Rate: Drought High Severity,Historical Year: Drought,2014,2014,0.0005,,,,,,
,,Sierra Nevada,,,Historical Rate: Drought High Severity,Historical Year: Drought,2015,2015,0.0932,,,,,,
,,Sierra Nevada,,,Historical Rate: Drought High Severity,Historical Year: Drought,2016,2016,0.0684,,,,,,
,,Sierra Nevada,,,Historical Rate: Drought Low Severity,Historical Year: Drought,2002,2002,0.0475,,,,,,
,,Sierra Nevada,,,Historical Rate: Drought Low Severity,Historical Year: Drought,2003,2003,0.1006,,,,,,
,,Sierra Nevada,,,Historical Rate: Drought Low Severity,Historical Year: Drought,2004,2004,0.0793,,,,,,
,,Sierra Nevada,,,Historical Rate: Drought Low Severity,Historical Year: Drought,2005,2005,0.0539,,,,,,
,,Sierra Nevada,,,Historical Rate: Drought Low Severity,Historical Year: Drought,2006,2006,0.0207,,,,,,
,,Sierra Nevada,,,Historical Rate: Drought Low Severity,Historical Year: Drought,2007,2007,0.0121,,,,,,
,,Sierra Nevada,,,Historical Rate: Drought Low Severity,Historical Year: Drought,2008,2008,0.0079,,,,,,
,,Sierra Nevada,,,Historical Rate: Drought Low Severity,Historical Year: Drought,2009,2009,0.0247,,,,,,
,,Sierra Nevada,,,Historical Rate: Drought Low Severity,Historical Year: Drought,2010,2010,0.0424,,,,,,
,,Sierra Nevada,,,Historical Rate: Drought Low Severity,Historical Year: Drought,2011,2011,0.0204,,,,,,
,,Sierra Nevada,,,Historical Rate: Drought Low Severity,Historical Year: Drought,2012,2012,0.0155,,,,,,
,,Sierra Nevada,,,Historical Rate: Drought Low Severity,Historical Year: Drought,2013,2013,0.0173,,,,,,
,,Sierra Nevada,,,Historical Rate: Drought Low Severity,Historical Year: Drought,2014,2014,0.0395,,,,,,
,,Sierra Nevada,,,Historical Rate: Drought Low Severity,Historical Year: Drought,2015,2015,0.0866,,,,,,
,,Sierra Nevada,,,Historical Rate: Drought Low Severity,Historical Year: Drought,2016,2016,0.1454,,,,,,
,,Sierra Nevada,,,Historical Rate: Drought Medium Severity,Historical Year: Drought,2002,2002,0.0007,,,,,,
,,Sierra Nevada,,,Historical Rate: Drought Medium Severity,Historical Year: Drought,2003,2003,0.0014,,,,,,
,,Sierra Nevada,,,Historical Rate: Drought Medium Severity,Historical Year: Drought,2004,2004,0.0031,,,,,,
,,Sierra Nevada,,,Historical Rate: Drought Medium Severity,Historical Year: Drought,2005,2005,0.0003,,,,,,
,,Sierra Nevada,,,Historical Rate: Drought Medium Severity,Historical Year: Drought,2006,2006,0,,,,,,
,,Sierra Nevada,,,Historical Rate: Drought Medium Severity,Historical Year: Drought,2007,2007,0.0002,,,,,,
,,Sierra Nevada,,,Historical Rate: Drought Medium Severity,Historical Year: Drought,2008,2008,0,,,,,,
,,Sierra Nevada,,,Historical Rate: Drought Medium Severity,Historical Year: Drought,2009,2009,0.0006,,,,,,
,,Sierra Nevada,,,Historical Rate: Drought Medium Severity,Historical Year: Drought,2010,2010,0.0019,,,,,,
,,Sierra Nevada,,,Historical Rate: Drought Medium Severity,Historical Year: Drought,2011,2011,0.0008,,,,,,
,,Sierra Nevada,,,Historical Rate: Drought Medium Severity,Historical Year: Drought,2012,2012,0.0008,,,,,,
,,Sierra Nevada,,,Historical Rate: Drought Medium Severity,Historical Year: Drought,2013,2013,0.0003,,,,,,
,,Sierra Nevada,,,Historical Rate: Drought Medium Severity,Historical Year: Drought,2014,2014,0.0014,,,,,,
,,Sierra Nevada,,,Historical Rate: Drought Medium Severity,Historical Year: Drought,2015,2015,0.0247,,,,,,
,,Sierra Nevada,,,Historical Rate: Drought Medium Severity,Historical Year: Drought,2016,2016,0.0372,,,,,,
,,Sonoran Basin and Range,,,Historical Rate: Drought High Severity,Historical Year: Drought,2002,2002,0,,,,,,
,,Sonoran Basin and Range,,,Historical Rate: Drought High Severity,Historical Year: Drought,2003,2003,0,,,,,,
,,Sonoran Basin and Range,,,Historical Rate: Drought High Severity,Historical Year: Drought,2004,2004,0,,,,,,
,,Sonoran Basin and Range,,,Historical Rate: Drought High Severity,Historical Year: Drought,2005,2005,0,,,,,,
,,Sonoran Basin and Range,,,Historical Rate: Drought High Severity,Historical Year: Drought,2006,2006,0,,,,,,
,,Sonoran Basin and Range,,,Historical Rate: Drought High Severity,Historical Year: Drought,2007,2007,0,,,,,,
,,Sonoran Basin and Range,,,Historical Rate: Drought High Severity,Historical Year: Drought,2008,2008,0,,,,,,
,,Sonoran Basin and Range,,,Historical Rate: Drought High Severity,Historical Year: Drought,2009,2009,0,,,,,,
,,Sonoran Basin and Range,,,Historical Rate: Drought High Severity,Historical Year: Drought,2010,2010,0,,,,,,
,,Sonoran Basin and Range,,,Historical Rate: Drought High Severity,Historical Year: Drought,2011,2011,0,,,,,,
,,Sonoran Basin and Range,,,Historical Rate: Drought High Severity,Historical Year: Drought,2012,2012,0,,,,,,
,,Sonoran Basin and Range,,,Historical Rate: Drought High Severity,Historical Year: Drought,2013,2013,0,,,,,,
,,Sonoran Basin and Range,,,Historical Rate: Drought High Severity,Historical Year: Drought,2014,2014,0,,,,,,
,,Sonoran Basin and Range,,,Historical Rate: Drought High Severity,Historical Year: Drought,2015,2015,0,,,,,,
,,Sonoran Basin and Range,,,Historical Rate: Drought High Severity,Historical Year: Drought,2016,2016,0,,,,,,
,,Sonoran Basin and Range,,,Historical Rate: Drought Low Severity,Historical Year: Drought,2002,2002,0.0015,,,,,,
,,Sonoran Basin and Range,,,Historical Rate: Drought Low Severity,Historical Year: Drought,2003,2003,0.3483,,,,,,
,,Sonoran Basin and Range,,,Historical Rate: Drought Low Severity,Historical Year: Drought,2004,2004,0,,,,,,
,,Sonoran Basin and Range,,,Historical Rate: Drought Low Severity,Historical Year: Drought,2005,2005,0,,,,,,
,,Sonoran Basin and Range,,,Historical Rate: Drought Low Severity,Historical Year: Drought,2006,2006,0,,,,,,
,,Sonoran Basin and Range,,,Historical Rate: Drought Low Severity,Historical Year: Drought,2007,2007,0,,,,,,
,,Sonoran Basin and Range,,,Historical Rate: Drought Low Severity,Historical Year: Drought,2008,2008,0,,,,,,
,,Sonoran Basin and Range,,,Historical Rate: Drought Low Severity,Historical Year: Drought,2009,2009,0,,,,,,
,,Sonoran Basin and Range,,,Historical Rate: Drought Low Severity,Historical Year: Drought,2010,2010,0,,,,,,
,,Sonoran Basin and Range,,,Historical Rate: Drought Low Severity,Historical Year: Drought,2011,2011,0,,,,,,
,,Sonoran Basin and Range,,,Historical Rate: Drought Low Severity,Historical Year: Drought,2012,2012,0.0003,,,,,,
,,Sonoran Basin and Range,,,Historical Rate: Drought Low Severity,Historical Year: Drought,2013,2013,0,,,,,,
,,Sonoran Basin and Range,,,Historical Rate: Drought Low Severity,Historical Year: Drought,2014,2014,0,,,,,,
,,Sonoran Basin and Range,,,Historical Rate: Drought Low Severity,Historical Year: Drought,2015,2015,0.0003,,,,,,
,,Sonoran Basin and Range,,,Historical Rate: Drought Low Severity,Historical Year: Drought,2016,2016,0,,,,,,
,,Sonoran Basin and Range,,,Historical Rate: Drought Medium Severity,Historical Year: Drought,2002,2002,0,,,,,,
,,Sonoran Basin and Range,,,Historical Rate: Drought Medium Severity,Historical Year: Drought,2003,2003,0,,,,,,
,,Sonoran Basin and Range,,,Historical Rate: Drought Medium Severity,Historical Year: Drought,2004,2004,0,,,,,,
,,Sonoran Basin and Range,,,Historical Rate: Drought Medium Severity,Historical Year: Drought,2005,2005,0,,,,,,
,,Sonoran Basin and Range,,,Historical Rate: Drought Medium Severity,Historical Year: Drought,2006,2006,0,,,,,,
,,Sonoran Basin and Range,,,Historical Rate: Drought Medium Severity,Historical Year: Drought,2007,2007,0,,,,,,
,,Sonoran Basin and Range,,,Historical Rate: Drought Medium Severity,Historical Year: Drought,2008,2008,0,,,,,,
,,Sonoran Basin and Range,,,Historical Rate: Drought Medium Severity,Historical Year: Drought,2009,2009,0,,,,,,
,,Sonoran Basin and Range,,,Historical Rate: Drought Medium Severity,Historical Year: Drought,2010,2010,0,,,,,,
,,Sonoran Basin and Range,,,Historical Rate: Drought Medium Severity,Historical Year: Drought,2011,2011,0,,,,,,
,,Sonoran Basin and Range,,,Historical Rate: Drought Medium Severity,Historical Year: Drought,2012,2012,0,,,,,,
,,Sonoran Basin and Range,,,Historical Rate: Drought Medium Severity,Historical Year: Drought,2013,2013,0,,,,,,
,,Sonoran Basin and Range,,,Historical Rate: Drought Medium Severity,Historical Year: Drought,2014,2014,0,,,,,,
,,Sonoran Basin and Range,,,Historical Rate: Drought Medium Severity,Historical Year: Drought,2015,2015,0,,,,,,
,,Sonoran Basin and Range,,,Historical Rate: Drought Medium Severity,Historical Year: Drought,2016,2016,0,,,,,,
,,Southern California Mountains,,,Historical Rate: Drought High Severity,Historical Year: Drought,2002,2002,0,,,,,,
,,Southern California Mountains,,,Historical Rate: Drought High Severity,Historical Year: Drought,2003,2003,0,,,,,,
,,Southern California Mountains,,,Historical Rate: Drought High Severity,Historical Year: Drought,2004,2004,0.0006,,,,,,
,,Southern California Mountains,,,Historical Rate: Drought High Severity,Historical Year: Drought,2005,2005,0,,,,,,
,,Southern California Mountains,,,Historical Rate: Drought High Severity,Historical Year: Drought,2006,2006,0,,,,,,
,,Southern California Mountains,,,Historical Rate: Drought High Severity,Historical Year: Drought,2007,2007,0,,,,,,
,,Southern California Mountains,,,Historical Rate: Drought High Severity,Historical Year: Drought,2008,2008,0,,,,,,
,,Southern California Mountains,,,Historical Rate: Drought High Severity,Historical Year: Drought,2009,2009,0,,,,,,
,,Southern California Mountains,,,Historical Rate: Drought High Severity,Historical Year: Drought,2010,2010,0.0001,,,,,,
,,Southern California Mountains,,,Historical Rate: Drought High Severity,Historical Year: Drought,2011,2011,0.0002,,,,,,
,,Southern California Mountains,,,Historical Rate: Drought High Severity,Historical Year: Drought,2012,2012,0,,,,,,
,,Southern California Mountains,,,Historical Rate: Drought High Severity,Historical Year: Drought,2013,2013,0,,,,,,
,,Southern California Mountains,,,Historical Rate: Drought High Severity,Historical Year: Drought,2014,2014,0.0007,,,,,,
,,Southern California Mountains,,,Historical Rate: Drought High Severity,Historical Year: Drought,2015,2015,0.1589,,,,,,
,,Southern California Mountains,,,Historical Rate: Drought High Severity,Historical Year: Drought,2016,2016,0.0048,,,,,,
,,Southern California Mountains,,,Historical Rate: Drought Low Severity,Historical Year: Drought,2002,2002,0.0227,,,,,,
,,Southern California Mountains,,,Historical Rate: Drought Low Severity,Historical Year: Drought,2003,2003,0.2097,,,,,,
,,Southern California Mountains,,,Historical Rate: Drought Low Severity,Historical Year: Drought,2004,2004,0.0199,,,,,,
,,Southern California Mountains,,,Historical Rate: Drought Low Severity,Historical Year: Drought,2005,2005,0.0056,,,,,,
,,Southern California Mountains,,,Historical Rate: Drought Low Severity,Historical Year: Drought,2006,2006,0.0016,,,,,,
,,Southern California Mountains,,,Historical Rate: Drought Low Severity,Historical Year: Drought,2007,2007,0.0005,,,,,,
,,Southern California Mountains,,,Historical Rate: Drought Low Severity,Historical Year: Drought,2008,2008,0.0011,,,,,,
,,Southern California Mountains,,,Historical Rate: Drought Low Severity,Historical Year: Drought,2009,2009,0.0016,,,,,,
,,Southern California Mountains,,,Historical Rate: Drought Low Severity,Historical Year: Drought,2010,2010,0.005,,,,,,
,,Southern California Mountains,,,Historical Rate: Drought Low Severity,Historical Year: Drought,2011,2011,0.0049,,,,,,
,,Southern California Mountains,,,Historical Rate: Drought Low Severity,Historical Year: Drought,2012,2012,0.0028,,,,,,
,,Southern California Mountains,,,Historical Rate: Drought Low Severity,Historical Year: Drought,2013,2013,0.003,,,,,,
,,Southern California Mountains,,,Historical Rate: Drought Low Severity,Historical Year: Drought,2014,2014,0.0133,,,,,,
,,Southern California Mountains,,,Historical Rate: Drought Low Severity,Historical Year: Drought,2015,2015,0.0555,,,,,,
,,Southern California Mountains,,,Historical Rate: Drought Low Severity,Historical Year: Drought,2016,2016,0.0303,,,,,,
,,Southern California Mountains,,,Historical Rate: Drought Medium Severity,Historical Year: Drought,2002,2002,0,,,,,,
,,Southern California Mountains,,,Historical Rate: Drought Medium Severity,Historical Year: Drought,2003,2003,0.0025,,,,,,
,,Southern California Mountains,,,Historical Rate: Drought Medium Severity,Historical Year: Drought,2004,2004,0.0005,,,,,,
,,Southern California Mountains,,,Historical Rate: Drought Medium Severity,Historical Year: Drought,2005,2005,0,,,,,,
,,Southern California Mountains,,,Historical Rate: Drought Medium Severity,Historical Year: Drought,2006,2006,0,,,,,,
,,Southern California Mountains,,,Historical Rate: Drought Medium Severity,Historical Year: Drought,2007,2007,0,,,,,,
,,Southern California Mountains,,,Historical Rate: Drought Medium Severity,Historical Year: Drought,2008,2008,0,,,,,,
,,Southern California Mountains,,,Historical Rate: Drought Medium Severity,Historical Year: Drought,2009,2009,0,,,,,,
,,Southern California Mountains,,,Historical Rate: Drought Medium Severity,Historical Year: Drought,2010,2010,0.001,,,,,,
,,Southern California Mountains,,,Historical Rate: Drought Medium Severity,Historical Year: Drought,2011,2011,0,,,,,,
,,Southern California Mountains,,,Historical Rate: Drought Medium Severity,Historical Year: Drought,2012,2012,0,,,,,,
,,Southern California Mountains,,,Historical Rate: Drought Medium Severity,Historical Year: Drought,2013,2013,0.0007,,,,,,
,,Southern California Mountains,,,Historical Rate: Drought Medium Severity,Historical Year: Drought,2014,2014,0.0022,,,,,,
,,Southern California Mountains,,,Historical Rate: Drought Medium Severity,Historical Year: Drought,2015,2015,0.0197,,,,,,
,,Southern California Mountains,,,Historical Rate: Drought Medium Severity,Historical Year: Drought,2016,2016,0.007,,,,,,
