Timestep,StratumID,FlowGroupID,Value
2002,California Chaparral and Oak Woodlands,Growth,1.0028019639934533
2003,California Chaparral and Oak Woodlands,Growth,1.0061014729950901
2004,California Chaparral and Oak Woodlands,Growth,1.008353518821604
2005,California Chaparral and Oak Woodlands,Growth,1.0113387888707037
2006,California Chaparral and Oak Woodlands,Growth,1.014088379705401
2007,California Chaparral and Oak Woodlands,Growth,1.0165630114566284
2008,California Chaparral and Oak Woodlands,Growth,1.0189328968903437
2009,California Chaparral and Oak Woodlands,Growth,1.021328968903437
2010,California Chaparral and Oak Woodlands,Growth,1.0245630114566284
2011,California Chaparral and Oak Woodlands,Growth,1.0268543371522094
2012,California Chaparral and Oak Woodlands,Growth,1.029734860883797
2013,California Chaparral and Oak Woodlands,Growth,1.0332307692307692
2014,California Chaparral and Oak Woodlands,Growth,1.0360196399345336
2015,California Chaparral and Oak Woodlands,Growth,1.038873977086743
2016,California Chaparral and Oak Woodlands,Growth,1.0432995090016366
2017,California Chaparral and Oak Woodlands,Growth,1.04556421603928
2018,California Chaparral and Oak Woodlands,Growth,1.047828923076923
2019,California Chaparral and Oak Woodlands,Growth,1.0500936301145662
2020,California Chaparral and Oak Woodlands,Growth,1.0523583371522094
2021,California Chaparral and Oak Woodlands,Growth,1.055489893289689
2022,California Chaparral and Oak Woodlands,Growth,1.0586214494271686
2023,California Chaparral and Oak Woodlands,Growth,1.061753005564648
2024,California Chaparral and Oak Woodlands,Growth,1.0648845617021276
2025,California Chaparral and Oak Woodlands,Growth,1.0680161178396073
2026,California Chaparral and Oak Woodlands,Growth,1.0711476739770867
2027,California Chaparral and Oak Woodlands,Growth,1.0742792301145663
2028,California Chaparral and Oak Woodlands,Growth,1.0774107862520457
2029,California Chaparral and Oak Woodlands,Growth,1.0805423423895253
2030,California Chaparral and Oak Woodlands,Growth,1.083673898527005
2031,California Chaparral and Oak Woodlands,Growth,1.0870518428805238
2032,California Chaparral and Oak Woodlands,Growth,1.0904297872340425
2033,California Chaparral and Oak Woodlands,Growth,1.0938077315875614
2034,California Chaparral and Oak Woodlands,Growth,1.09718567594108
2035,California Chaparral and Oak Woodlands,Growth,1.100563620294599
2036,California Chaparral and Oak Woodlands,Growth,1.1039415646481179
2037,California Chaparral and Oak Woodlands,Growth,1.1073195090016368
2038,California Chaparral and Oak Woodlands,Growth,1.1106974533551555
2039,California Chaparral and Oak Woodlands,Growth,1.1140753977086744
2040,California Chaparral and Oak Woodlands,Growth,1.117453342062193
2041,California Chaparral and Oak Woodlands,Growth,1.120817051391162
2042,California Chaparral and Oak Woodlands,Growth,1.1241807607201308
2043,California Chaparral and Oak Woodlands,Growth,1.1275444700491
2044,California Chaparral and Oak Woodlands,Growth,1.1309081793780686
2045,California Chaparral and Oak Woodlands,Growth,1.1342718887070378
2046,California Chaparral and Oak Woodlands,Growth,1.1376355980360064
2047,California Chaparral and Oak Woodlands,Growth,1.1409993073649753
2048,California Chaparral and Oak Woodlands,Growth,1.1443630166939445
2049,California Chaparral and Oak Woodlands,Growth,1.1477267260229134
2050,California Chaparral and Oak Woodlands,Growth,1.1510904353518823
2051,California Chaparral and Oak Woodlands,Growth,1.154014956464812
2052,California Chaparral and Oak Woodlands,Growth,1.1569394775777413
2053,California Chaparral and Oak Woodlands,Growth,1.1598639986906711
2054,California Chaparral and Oak Woodlands,Growth,1.1627885198036008
2055,California Chaparral and Oak Woodlands,Growth,1.1657130409165304
2056,California Chaparral and Oak Woodlands,Growth,1.1686375620294598
2057,California Chaparral and Oak Woodlands,Growth,1.1715620831423896
2058,California Chaparral and Oak Woodlands,Growth,1.1744866042553193
2059,California Chaparral and Oak Woodlands,Growth,1.1774111253682489
2060,California Chaparral and Oak Woodlands,Growth,1.1803356464811785
2061,California Chaparral and Oak Woodlands,Growth,1.1823560484451718
2062,California Chaparral and Oak Woodlands,Growth,1.1843764504091654
2063,California Chaparral and Oak Woodlands,Growth,1.1863968523731587
2064,California Chaparral and Oak Woodlands,Growth,1.1884172543371523
2065,California Chaparral and Oak Woodlands,Growth,1.1904376563011456
2066,California Chaparral and Oak Woodlands,Growth,1.1924580582651392
2067,California Chaparral and Oak Woodlands,Growth,1.1944784602291327
2068,California Chaparral and Oak Woodlands,Growth,1.196498862193126
2069,California Chaparral and Oak Woodlands,Growth,1.1985192641571194
2070,California Chaparral and Oak Woodlands,Growth,1.200539666121113
2071,California Chaparral and Oak Woodlands,Growth,1.201434697217676
2072,California Chaparral and Oak Woodlands,Growth,1.2023297283142391
2073,California Chaparral and Oak Woodlands,Growth,1.203224759410802
2074,California Chaparral and Oak Woodlands,Growth,1.204119790507365
2075,California Chaparral and Oak Woodlands,Growth,1.205014821603928
2076,California Chaparral and Oak Woodlands,Growth,1.205909852700491
2077,California Chaparral and Oak Woodlands,Growth,1.206804883797054
2078,California Chaparral and Oak Woodlands,Growth,1.207699914893617
2079,California Chaparral and Oak Woodlands,Growth,1.2085949459901801
2080,California Chaparral and Oak Woodlands,Growth,1.209489977086743
2081,California Chaparral and Oak Woodlands,Growth,1.2098307626841243
2082,California Chaparral and Oak Woodlands,Growth,1.2101715482815056
2083,California Chaparral and Oak Woodlands,Growth,1.2105123338788872
2084,California Chaparral and Oak Woodlands,Growth,1.2108531194762684
2085,California Chaparral and Oak Woodlands,Growth,1.2111939050736498
2086,California Chaparral and Oak Woodlands,Growth,1.2115346906710311
2087,California Chaparral and Oak Woodlands,Growth,1.2118754762684123
2088,California Chaparral and Oak Woodlands,Growth,1.212216261865794
2089,California Chaparral and Oak Woodlands,Growth,1.212557047463175
2090,California Chaparral and Oak Woodlands,Growth,1.2128978330605564
2091,California Chaparral and Oak Woodlands,Growth,1.2135024261865794
2092,California Chaparral and Oak Woodlands,Growth,1.2141070193126022
2093,California Chaparral and Oak Woodlands,Growth,1.2147116124386252
2094,California Chaparral and Oak Woodlands,Growth,1.215316205564648
2095,California Chaparral and Oak Woodlands,Growth,1.215920798690671
2096,California Chaparral and Oak Woodlands,Growth,1.2165253918166938
2097,California Chaparral and Oak Woodlands,Growth,1.2171299849427168
2098,California Chaparral and Oak Woodlands,Growth,1.2177345780687399
2099,California Chaparral and Oak Woodlands,Growth,1.2183391711947626
2100,California Chaparral and Oak Woodlands,Growth,1.2189437643207857
2002,Cascades,Growth,1.0028019639934533
2003,Cascades,Growth,1.0061014729950901
2004,Cascades,Growth,1.008353518821604
2005,Cascades,Growth,1.0113387888707037
2006,Cascades,Growth,1.014088379705401
2007,Cascades,Growth,1.0165630114566284
2008,Cascades,Growth,1.0189328968903437
2009,Cascades,Growth,1.021328968903437
2010,Cascades,Growth,1.0245630114566284
2011,Cascades,Growth,1.0268543371522094
2012,Cascades,Growth,1.029734860883797
2013,Cascades,Growth,1.0332307692307692
2014,Cascades,Growth,1.0360196399345336
2015,Cascades,Growth,1.038873977086743
2016,Cascades,Growth,1.0432995090016366
2017,Cascades,Growth,1.04556421603928
2018,Cascades,Growth,1.047828923076923
2019,Cascades,Growth,1.0500936301145662
2020,Cascades,Growth,1.0523583371522094
2021,Cascades,Growth,1.055489893289689
2022,Cascades,Growth,1.0586214494271686
2023,Cascades,Growth,1.061753005564648
2024,Cascades,Growth,1.0648845617021276
2025,Cascades,Growth,1.0680161178396073
2026,Cascades,Growth,1.0711476739770867
2027,Cascades,Growth,1.0742792301145663
2028,Cascades,Growth,1.0774107862520457
2029,Cascades,Growth,1.0805423423895253
2030,Cascades,Growth,1.083673898527005
2031,Cascades,Growth,1.0870518428805238
2032,Cascades,Growth,1.0904297872340425
2033,Cascades,Growth,1.0938077315875614
2034,Cascades,Growth,1.09718567594108
2035,Cascades,Growth,1.100563620294599
2036,Cascades,Growth,1.1039415646481179
2037,Cascades,Growth,1.1073195090016368
2038,Cascades,Growth,1.1106974533551555
2039,Cascades,Growth,1.1140753977086744
2040,Cascades,Growth,1.117453342062193
2041,Cascades,Growth,1.120817051391162
2042,Cascades,Growth,1.1241807607201308
2043,Cascades,Growth,1.1275444700491
2044,Cascades,Growth,1.1309081793780686
2045,Cascades,Growth,1.1342718887070378
2046,Cascades,Growth,1.1376355980360064
2047,Cascades,Growth,1.1409993073649753
2048,Cascades,Growth,1.1443630166939445
2049,Cascades,Growth,1.1477267260229134
2050,Cascades,Growth,1.1510904353518823
2051,Cascades,Growth,1.154014956464812
2052,Cascades,Growth,1.1569394775777413
2053,Cascades,Growth,1.1598639986906711
2054,Cascades,Growth,1.1627885198036008
2055,Cascades,Growth,1.1657130409165304
2056,Cascades,Growth,1.1686375620294598
2057,Cascades,Growth,1.1715620831423896
2058,Cascades,Growth,1.1744866042553193
2059,Cascades,Growth,1.1774111253682489
2060,Cascades,Growth,1.1803356464811785
2061,Cascades,Growth,1.1823560484451718
2062,Cascades,Growth,1.1843764504091654
2063,Cascades,Growth,1.1863968523731587
2064,Cascades,Growth,1.1884172543371523
2065,Cascades,Growth,1.1904376563011456
2066,Cascades,Growth,1.1924580582651392
2067,Cascades,Growth,1.1944784602291327
2068,Cascades,Growth,1.196498862193126
2069,Cascades,Growth,1.1985192641571194
2070,Cascades,Growth,1.200539666121113
2071,Cascades,Growth,1.201434697217676
2072,Cascades,Growth,1.2023297283142391
2073,Cascades,Growth,1.203224759410802
2074,Cascades,Growth,1.204119790507365
2075,Cascades,Growth,1.205014821603928
2076,Cascades,Growth,1.205909852700491
2077,Cascades,Growth,1.206804883797054
2078,Cascades,Growth,1.207699914893617
2079,Cascades,Growth,1.2085949459901801
2080,Cascades,Growth,1.209489977086743
2081,Cascades,Growth,1.2098307626841243
2082,Cascades,Growth,1.2101715482815056
2083,Cascades,Growth,1.2105123338788872
2084,Cascades,Growth,1.2108531194762684
2085,Cascades,Growth,1.2111939050736498
2086,Cascades,Growth,1.2115346906710311
2087,Cascades,Growth,1.2118754762684123
2088,Cascades,Growth,1.212216261865794
2089,Cascades,Growth,1.212557047463175
2090,Cascades,Growth,1.2128978330605564
2091,Cascades,Growth,1.2135024261865794
2092,Cascades,Growth,1.2141070193126022
2093,Cascades,Growth,1.2147116124386252
2094,Cascades,Growth,1.215316205564648
2095,Cascades,Growth,1.215920798690671
2096,Cascades,Growth,1.2165253918166938
2097,Cascades,Growth,1.2171299849427168
2098,Cascades,Growth,1.2177345780687399
2099,Cascades,Growth,1.2183391711947626
2100,Cascades,Growth,1.2189437643207857
2002,Central Basin and Range,Growth,1.0028019639934533
2003,Central Basin and Range,Growth,1.0061014729950901
2004,Central Basin and Range,Growth,1.008353518821604
2005,Central Basin and Range,Growth,1.0113387888707037
2006,Central Basin and Range,Growth,1.014088379705401
2007,Central Basin and Range,Growth,1.0165630114566284
2008,Central Basin and Range,Growth,1.0189328968903437
2009,Central Basin and Range,Growth,1.021328968903437
2010,Central Basin and Range,Growth,1.0245630114566284
2011,Central Basin and Range,Growth,1.0268543371522094
2012,Central Basin and Range,Growth,1.029734860883797
2013,Central Basin and Range,Growth,1.0332307692307692
2014,Central Basin and Range,Growth,1.0360196399345336
2015,Central Basin and Range,Growth,1.038873977086743
2016,Central Basin and Range,Growth,1.0432995090016366
2017,Central Basin and Range,Growth,1.04556421603928
2018,Central Basin and Range,Growth,1.047828923076923
2019,Central Basin and Range,Growth,1.0500936301145662
2020,Central Basin and Range,Growth,1.0523583371522094
2021,Central Basin and Range,Growth,1.055489893289689
2022,Central Basin and Range,Growth,1.0586214494271686
2023,Central Basin and Range,Growth,1.061753005564648
2024,Central Basin and Range,Growth,1.0648845617021276
2025,Central Basin and Range,Growth,1.0680161178396073
2026,Central Basin and Range,Growth,1.0711476739770867
2027,Central Basin and Range,Growth,1.0742792301145663
2028,Central Basin and Range,Growth,1.0774107862520457
2029,Central Basin and Range,Growth,1.0805423423895253
2030,Central Basin and Range,Growth,1.083673898527005
2031,Central Basin and Range,Growth,1.0870518428805238
2032,Central Basin and Range,Growth,1.0904297872340425
2033,Central Basin and Range,Growth,1.0938077315875614
2034,Central Basin and Range,Growth,1.09718567594108
2035,Central Basin and Range,Growth,1.100563620294599
2036,Central Basin and Range,Growth,1.1039415646481179
2037,Central Basin and Range,Growth,1.1073195090016368
2038,Central Basin and Range,Growth,1.1106974533551555
2039,Central Basin and Range,Growth,1.1140753977086744
2040,Central Basin and Range,Growth,1.117453342062193
2041,Central Basin and Range,Growth,1.120817051391162
2042,Central Basin and Range,Growth,1.1241807607201308
2043,Central Basin and Range,Growth,1.1275444700491
2044,Central Basin and Range,Growth,1.1309081793780686
2045,Central Basin and Range,Growth,1.1342718887070378
2046,Central Basin and Range,Growth,1.1376355980360064
2047,Central Basin and Range,Growth,1.1409993073649753
2048,Central Basin and Range,Growth,1.1443630166939445
2049,Central Basin and Range,Growth,1.1477267260229134
2050,Central Basin and Range,Growth,1.1510904353518823
2051,Central Basin and Range,Growth,1.154014956464812
2052,Central Basin and Range,Growth,1.1569394775777413
2053,Central Basin and Range,Growth,1.1598639986906711
2054,Central Basin and Range,Growth,1.1627885198036008
2055,Central Basin and Range,Growth,1.1657130409165304
2056,Central Basin and Range,Growth,1.1686375620294598
2057,Central Basin and Range,Growth,1.1715620831423896
2058,Central Basin and Range,Growth,1.1744866042553193
2059,Central Basin and Range,Growth,1.1774111253682489
2060,Central Basin and Range,Growth,1.1803356464811785
2061,Central Basin and Range,Growth,1.1823560484451718
2062,Central Basin and Range,Growth,1.1843764504091654
2063,Central Basin and Range,Growth,1.1863968523731587
2064,Central Basin and Range,Growth,1.1884172543371523
2065,Central Basin and Range,Growth,1.1904376563011456
2066,Central Basin and Range,Growth,1.1924580582651392
2067,Central Basin and Range,Growth,1.1944784602291327
2068,Central Basin and Range,Growth,1.196498862193126
2069,Central Basin and Range,Growth,1.1985192641571194
2070,Central Basin and Range,Growth,1.200539666121113
2071,Central Basin and Range,Growth,1.201434697217676
2072,Central Basin and Range,Growth,1.2023297283142391
2073,Central Basin and Range,Growth,1.203224759410802
2074,Central Basin and Range,Growth,1.204119790507365
2075,Central Basin and Range,Growth,1.205014821603928
2076,Central Basin and Range,Growth,1.205909852700491
2077,Central Basin and Range,Growth,1.206804883797054
2078,Central Basin and Range,Growth,1.207699914893617
2079,Central Basin and Range,Growth,1.2085949459901801
2080,Central Basin and Range,Growth,1.209489977086743
2081,Central Basin and Range,Growth,1.2098307626841243
2082,Central Basin and Range,Growth,1.2101715482815056
2083,Central Basin and Range,Growth,1.2105123338788872
2084,Central Basin and Range,Growth,1.2108531194762684
2085,Central Basin and Range,Growth,1.2111939050736498
2086,Central Basin and Range,Growth,1.2115346906710311
2087,Central Basin and Range,Growth,1.2118754762684123
2088,Central Basin and Range,Growth,1.212216261865794
2089,Central Basin and Range,Growth,1.212557047463175
2090,Central Basin and Range,Growth,1.2128978330605564
2091,Central Basin and Range,Growth,1.2135024261865794
2092,Central Basin and Range,Growth,1.2141070193126022
2093,Central Basin and Range,Growth,1.2147116124386252
2094,Central Basin and Range,Growth,1.215316205564648
2095,Central Basin and Range,Growth,1.215920798690671
2096,Central Basin and Range,Growth,1.2165253918166938
2097,Central Basin and Range,Growth,1.2171299849427168
2098,Central Basin and Range,Growth,1.2177345780687399
2099,Central Basin and Range,Growth,1.2183391711947626
2100,Central Basin and Range,Growth,1.2189437643207857
2002,Central California Valley,Growth,1.0028019639934533
2003,Central California Valley,Growth,1.0061014729950901
2004,Central California Valley,Growth,1.008353518821604
2005,Central California Valley,Growth,1.0113387888707037
2006,Central California Valley,Growth,1.014088379705401
2007,Central California Valley,Growth,1.0165630114566284
2008,Central California Valley,Growth,1.0189328968903437
2009,Central California Valley,Growth,1.021328968903437
2010,Central California Valley,Growth,1.0245630114566284
2011,Central California Valley,Growth,1.0268543371522094
2012,Central California Valley,Growth,1.029734860883797
2013,Central California Valley,Growth,1.0332307692307692
2014,Central California Valley,Growth,1.0360196399345336
2015,Central California Valley,Growth,1.038873977086743
2016,Central California Valley,Growth,1.0432995090016366
2017,Central California Valley,Growth,1.04556421603928
2018,Central California Valley,Growth,1.047828923076923
2019,Central California Valley,Growth,1.0500936301145662
2020,Central California Valley,Growth,1.0523583371522094
2021,Central California Valley,Growth,1.055489893289689
2022,Central California Valley,Growth,1.0586214494271686
2023,Central California Valley,Growth,1.061753005564648
2024,Central California Valley,Growth,1.0648845617021276
2025,Central California Valley,Growth,1.0680161178396073
2026,Central California Valley,Growth,1.0711476739770867
2027,Central California Valley,Growth,1.0742792301145663
2028,Central California Valley,Growth,1.0774107862520457
2029,Central California Valley,Growth,1.0805423423895253
2030,Central California Valley,Growth,1.083673898527005
2031,Central California Valley,Growth,1.0870518428805238
2032,Central California Valley,Growth,1.0904297872340425
2033,Central California Valley,Growth,1.0938077315875614
2034,Central California Valley,Growth,1.09718567594108
2035,Central California Valley,Growth,1.100563620294599
2036,Central California Valley,Growth,1.1039415646481179
2037,Central California Valley,Growth,1.1073195090016368
2038,Central California Valley,Growth,1.1106974533551555
2039,Central California Valley,Growth,1.1140753977086744
2040,Central California Valley,Growth,1.117453342062193
2041,Central California Valley,Growth,1.120817051391162
2042,Central California Valley,Growth,1.1241807607201308
2043,Central California Valley,Growth,1.1275444700491
2044,Central California Valley,Growth,1.1309081793780686
2045,Central California Valley,Growth,1.1342718887070378
2046,Central California Valley,Growth,1.1376355980360064
2047,Central California Valley,Growth,1.1409993073649753
2048,Central California Valley,Growth,1.1443630166939445
2049,Central California Valley,Growth,1.1477267260229134
2050,Central California Valley,Growth,1.1510904353518823
2051,Central California Valley,Growth,1.154014956464812
2052,Central California Valley,Growth,1.1569394775777413
2053,Central California Valley,Growth,1.1598639986906711
2054,Central California Valley,Growth,1.1627885198036008
2055,Central California Valley,Growth,1.1657130409165304
2056,Central California Valley,Growth,1.1686375620294598
2057,Central California Valley,Growth,1.1715620831423896
2058,Central California Valley,Growth,1.1744866042553193
2059,Central California Valley,Growth,1.1774111253682489
2060,Central California Valley,Growth,1.1803356464811785
2061,Central California Valley,Growth,1.1823560484451718
2062,Central California Valley,Growth,1.1843764504091654
2063,Central California Valley,Growth,1.1863968523731587
2064,Central California Valley,Growth,1.1884172543371523
2065,Central California Valley,Growth,1.1904376563011456
2066,Central California Valley,Growth,1.1924580582651392
2067,Central California Valley,Growth,1.1944784602291327
2068,Central California Valley,Growth,1.196498862193126
2069,Central California Valley,Growth,1.1985192641571194
2070,Central California Valley,Growth,1.200539666121113
2071,Central California Valley,Growth,1.201434697217676
2072,Central California Valley,Growth,1.2023297283142391
2073,Central California Valley,Growth,1.203224759410802
2074,Central California Valley,Growth,1.204119790507365
2075,Central California Valley,Growth,1.205014821603928
2076,Central California Valley,Growth,1.205909852700491
2077,Central California Valley,Growth,1.206804883797054
2078,Central California Valley,Growth,1.207699914893617
2079,Central California Valley,Growth,1.2085949459901801
2080,Central California Valley,Growth,1.209489977086743
2081,Central California Valley,Growth,1.2098307626841243
2082,Central California Valley,Growth,1.2101715482815056
2083,Central California Valley,Growth,1.2105123338788872
2084,Central California Valley,Growth,1.2108531194762684
2085,Central California Valley,Growth,1.2111939050736498
2086,Central California Valley,Growth,1.2115346906710311
2087,Central California Valley,Growth,1.2118754762684123
2088,Central California Valley,Growth,1.212216261865794
2089,Central California Valley,Growth,1.212557047463175
2090,Central California Valley,Growth,1.2128978330605564
2091,Central California Valley,Growth,1.2135024261865794
2092,Central California Valley,Growth,1.2141070193126022
2093,Central California Valley,Growth,1.2147116124386252
2094,Central California Valley,Growth,1.215316205564648
2095,Central California Valley,Growth,1.215920798690671
2096,Central California Valley,Growth,1.2165253918166938
2097,Central California Valley,Growth,1.2171299849427168
2098,Central California Valley,Growth,1.2177345780687399
2099,Central California Valley,Growth,1.2183391711947626
2100,Central California Valley,Growth,1.2189437643207857
2002,Coast Range,Growth,1.0028019639934533
2003,Coast Range,Growth,1.0061014729950901
2004,Coast Range,Growth,1.008353518821604
2005,Coast Range,Growth,1.0113387888707037
2006,Coast Range,Growth,1.014088379705401
2007,Coast Range,Growth,1.0165630114566284
2008,Coast Range,Growth,1.0189328968903437
2009,Coast Range,Growth,1.021328968903437
2010,Coast Range,Growth,1.0245630114566284
2011,Coast Range,Growth,1.0268543371522094
2012,Coast Range,Growth,1.029734860883797
2013,Coast Range,Growth,1.0332307692307692
2014,Coast Range,Growth,1.0360196399345336
2015,Coast Range,Growth,1.038873977086743
2016,Coast Range,Growth,1.0432995090016366
2017,Coast Range,Growth,1.04556421603928
2018,Coast Range,Growth,1.047828923076923
2019,Coast Range,Growth,1.0500936301145662
2020,Coast Range,Growth,1.0523583371522094
2021,Coast Range,Growth,1.055489893289689
2022,Coast Range,Growth,1.0586214494271686
2023,Coast Range,Growth,1.061753005564648
2024,Coast Range,Growth,1.0648845617021276
2025,Coast Range,Growth,1.0680161178396073
2026,Coast Range,Growth,1.0711476739770867
2027,Coast Range,Growth,1.0742792301145663
2028,Coast Range,Growth,1.0774107862520457
2029,Coast Range,Growth,1.0805423423895253
2030,Coast Range,Growth,1.083673898527005
2031,Coast Range,Growth,1.0870518428805238
2032,Coast Range,Growth,1.0904297872340425
2033,Coast Range,Growth,1.0938077315875614
2034,Coast Range,Growth,1.09718567594108
2035,Coast Range,Growth,1.100563620294599
2036,Coast Range,Growth,1.1039415646481179
2037,Coast Range,Growth,1.1073195090016368
2038,Coast Range,Growth,1.1106974533551555
2039,Coast Range,Growth,1.1140753977086744
2040,Coast Range,Growth,1.117453342062193
2041,Coast Range,Growth,1.120817051391162
2042,Coast Range,Growth,1.1241807607201308
2043,Coast Range,Growth,1.1275444700491
2044,Coast Range,Growth,1.1309081793780686
2045,Coast Range,Growth,1.1342718887070378
2046,Coast Range,Growth,1.1376355980360064
2047,Coast Range,Growth,1.1409993073649753
2048,Coast Range,Growth,1.1443630166939445
2049,Coast Range,Growth,1.1477267260229134
2050,Coast Range,Growth,1.1510904353518823
2051,Coast Range,Growth,1.154014956464812
2052,Coast Range,Growth,1.1569394775777413
2053,Coast Range,Growth,1.1598639986906711
2054,Coast Range,Growth,1.1627885198036008
2055,Coast Range,Growth,1.1657130409165304
2056,Coast Range,Growth,1.1686375620294598
2057,Coast Range,Growth,1.1715620831423896
2058,Coast Range,Growth,1.1744866042553193
2059,Coast Range,Growth,1.1774111253682489
2060,Coast Range,Growth,1.1803356464811785
2061,Coast Range,Growth,1.1823560484451718
2062,Coast Range,Growth,1.1843764504091654
2063,Coast Range,Growth,1.1863968523731587
2064,Coast Range,Growth,1.1884172543371523
2065,Coast Range,Growth,1.1904376563011456
2066,Coast Range,Growth,1.1924580582651392
2067,Coast Range,Growth,1.1944784602291327
2068,Coast Range,Growth,1.196498862193126
2069,Coast Range,Growth,1.1985192641571194
2070,Coast Range,Growth,1.200539666121113
2071,Coast Range,Growth,1.201434697217676
2072,Coast Range,Growth,1.2023297283142391
2073,Coast Range,Growth,1.203224759410802
2074,Coast Range,Growth,1.204119790507365
2075,Coast Range,Growth,1.205014821603928
2076,Coast Range,Growth,1.205909852700491
2077,Coast Range,Growth,1.206804883797054
2078,Coast Range,Growth,1.207699914893617
2079,Coast Range,Growth,1.2085949459901801
2080,Coast Range,Growth,1.209489977086743
2081,Coast Range,Growth,1.2098307626841243
2082,Coast Range,Growth,1.2101715482815056
2083,Coast Range,Growth,1.2105123338788872
2084,Coast Range,Growth,1.2108531194762684
2085,Coast Range,Growth,1.2111939050736498
2086,Coast Range,Growth,1.2115346906710311
2087,Coast Range,Growth,1.2118754762684123
2088,Coast Range,Growth,1.212216261865794
2089,Coast Range,Growth,1.212557047463175
2090,Coast Range,Growth,1.2128978330605564
2091,Coast Range,Growth,1.2135024261865794
2092,Coast Range,Growth,1.2141070193126022
2093,Coast Range,Growth,1.2147116124386252
2094,Coast Range,Growth,1.215316205564648
2095,Coast Range,Growth,1.215920798690671
2096,Coast Range,Growth,1.2165253918166938
2097,Coast Range,Growth,1.2171299849427168
2098,Coast Range,Growth,1.2177345780687399
2099,Coast Range,Growth,1.2183391711947626
2100,Coast Range,Growth,1.2189437643207857
2002,Eastern Cascades Slopes and Foothills,Growth,1.0028019639934533
2003,Eastern Cascades Slopes and Foothills,Growth,1.0061014729950901
2004,Eastern Cascades Slopes and Foothills,Growth,1.008353518821604
2005,Eastern Cascades Slopes and Foothills,Growth,1.0113387888707037
2006,Eastern Cascades Slopes and Foothills,Growth,1.014088379705401
2007,Eastern Cascades Slopes and Foothills,Growth,1.0165630114566284
2008,Eastern Cascades Slopes and Foothills,Growth,1.0189328968903437
2009,Eastern Cascades Slopes and Foothills,Growth,1.021328968903437
2010,Eastern Cascades Slopes and Foothills,Growth,1.0245630114566284
2011,Eastern Cascades Slopes and Foothills,Growth,1.0268543371522094
2012,Eastern Cascades Slopes and Foothills,Growth,1.029734860883797
2013,Eastern Cascades Slopes and Foothills,Growth,1.0332307692307692
2014,Eastern Cascades Slopes and Foothills,Growth,1.0360196399345336
2015,Eastern Cascades Slopes and Foothills,Growth,1.038873977086743
2016,Eastern Cascades Slopes and Foothills,Growth,1.0432995090016366
2017,Eastern Cascades Slopes and Foothills,Growth,1.04556421603928
2018,Eastern Cascades Slopes and Foothills,Growth,1.047828923076923
2019,Eastern Cascades Slopes and Foothills,Growth,1.0500936301145662
2020,Eastern Cascades Slopes and Foothills,Growth,1.0523583371522094
2021,Eastern Cascades Slopes and Foothills,Growth,1.055489893289689
2022,Eastern Cascades Slopes and Foothills,Growth,1.0586214494271686
2023,Eastern Cascades Slopes and Foothills,Growth,1.061753005564648
2024,Eastern Cascades Slopes and Foothills,Growth,1.0648845617021276
2025,Eastern Cascades Slopes and Foothills,Growth,1.0680161178396073
2026,Eastern Cascades Slopes and Foothills,Growth,1.0711476739770867
2027,Eastern Cascades Slopes and Foothills,Growth,1.0742792301145663
2028,Eastern Cascades Slopes and Foothills,Growth,1.0774107862520457
2029,Eastern Cascades Slopes and Foothills,Growth,1.0805423423895253
2030,Eastern Cascades Slopes and Foothills,Growth,1.083673898527005
2031,Eastern Cascades Slopes and Foothills,Growth,1.0870518428805238
2032,Eastern Cascades Slopes and Foothills,Growth,1.0904297872340425
2033,Eastern Cascades Slopes and Foothills,Growth,1.0938077315875614
2034,Eastern Cascades Slopes and Foothills,Growth,1.09718567594108
2035,Eastern Cascades Slopes and Foothills,Growth,1.100563620294599
2036,Eastern Cascades Slopes and Foothills,Growth,1.1039415646481179
2037,Eastern Cascades Slopes and Foothills,Growth,1.1073195090016368
2038,Eastern Cascades Slopes and Foothills,Growth,1.1106974533551555
2039,Eastern Cascades Slopes and Foothills,Growth,1.1140753977086744
2040,Eastern Cascades Slopes and Foothills,Growth,1.117453342062193
2041,Eastern Cascades Slopes and Foothills,Growth,1.120817051391162
2042,Eastern Cascades Slopes and Foothills,Growth,1.1241807607201308
2043,Eastern Cascades Slopes and Foothills,Growth,1.1275444700491
2044,Eastern Cascades Slopes and Foothills,Growth,1.1309081793780686
2045,Eastern Cascades Slopes and Foothills,Growth,1.1342718887070378
2046,Eastern Cascades Slopes and Foothills,Growth,1.1376355980360064
2047,Eastern Cascades Slopes and Foothills,Growth,1.1409993073649753
2048,Eastern Cascades Slopes and Foothills,Growth,1.1443630166939445
2049,Eastern Cascades Slopes and Foothills,Growth,1.1477267260229134
2050,Eastern Cascades Slopes and Foothills,Growth,1.1510904353518823
2051,Eastern Cascades Slopes and Foothills,Growth,1.154014956464812
2052,Eastern Cascades Slopes and Foothills,Growth,1.1569394775777413
2053,Eastern Cascades Slopes and Foothills,Growth,1.1598639986906711
2054,Eastern Cascades Slopes and Foothills,Growth,1.1627885198036008
2055,Eastern Cascades Slopes and Foothills,Growth,1.1657130409165304
2056,Eastern Cascades Slopes and Foothills,Growth,1.1686375620294598
2057,Eastern Cascades Slopes and Foothills,Growth,1.1715620831423896
2058,Eastern Cascades Slopes and Foothills,Growth,1.1744866042553193
2059,Eastern Cascades Slopes and Foothills,Growth,1.1774111253682489
2060,Eastern Cascades Slopes and Foothills,Growth,1.1803356464811785
2061,Eastern Cascades Slopes and Foothills,Growth,1.1823560484451718
2062,Eastern Cascades Slopes and Foothills,Growth,1.1843764504091654
2063,Eastern Cascades Slopes and Foothills,Growth,1.1863968523731587
2064,Eastern Cascades Slopes and Foothills,Growth,1.1884172543371523
2065,Eastern Cascades Slopes and Foothills,Growth,1.1904376563011456
2066,Eastern Cascades Slopes and Foothills,Growth,1.1924580582651392
2067,Eastern Cascades Slopes and Foothills,Growth,1.1944784602291327
2068,Eastern Cascades Slopes and Foothills,Growth,1.196498862193126
2069,Eastern Cascades Slopes and Foothills,Growth,1.1985192641571194
2070,Eastern Cascades Slopes and Foothills,Growth,1.200539666121113
2071,Eastern Cascades Slopes and Foothills,Growth,1.201434697217676
2072,Eastern Cascades Slopes and Foothills,Growth,1.2023297283142391
2073,Eastern Cascades Slopes and Foothills,Growth,1.203224759410802
2074,Eastern Cascades Slopes and Foothills,Growth,1.204119790507365
2075,Eastern Cascades Slopes and Foothills,Growth,1.205014821603928
2076,Eastern Cascades Slopes and Foothills,Growth,1.205909852700491
2077,Eastern Cascades Slopes and Foothills,Growth,1.206804883797054
2078,Eastern Cascades Slopes and Foothills,Growth,1.207699914893617
2079,Eastern Cascades Slopes and Foothills,Growth,1.2085949459901801
2080,Eastern Cascades Slopes and Foothills,Growth,1.209489977086743
2081,Eastern Cascades Slopes and Foothills,Growth,1.2098307626841243
2082,Eastern Cascades Slopes and Foothills,Growth,1.2101715482815056
2083,Eastern Cascades Slopes and Foothills,Growth,1.2105123338788872
2084,Eastern Cascades Slopes and Foothills,Growth,1.2108531194762684
2085,Eastern Cascades Slopes and Foothills,Growth,1.2111939050736498
2086,Eastern Cascades Slopes and Foothills,Growth,1.2115346906710311
2087,Eastern Cascades Slopes and Foothills,Growth,1.2118754762684123
2088,Eastern Cascades Slopes and Foothills,Growth,1.212216261865794
2089,Eastern Cascades Slopes and Foothills,Growth,1.212557047463175
2090,Eastern Cascades Slopes and Foothills,Growth,1.2128978330605564
2091,Eastern Cascades Slopes and Foothills,Growth,1.2135024261865794
2092,Eastern Cascades Slopes and Foothills,Growth,1.2141070193126022
2093,Eastern Cascades Slopes and Foothills,Growth,1.2147116124386252
2094,Eastern Cascades Slopes and Foothills,Growth,1.215316205564648
2095,Eastern Cascades Slopes and Foothills,Growth,1.215920798690671
2096,Eastern Cascades Slopes and Foothills,Growth,1.2165253918166938
2097,Eastern Cascades Slopes and Foothills,Growth,1.2171299849427168
2098,Eastern Cascades Slopes and Foothills,Growth,1.2177345780687399
2099,Eastern Cascades Slopes and Foothills,Growth,1.2183391711947626
2100,Eastern Cascades Slopes and Foothills,Growth,1.2189437643207857
2002,Klamath Mountains,Growth,1.0028019639934533
2003,Klamath Mountains,Growth,1.0061014729950901
2004,Klamath Mountains,Growth,1.008353518821604
2005,Klamath Mountains,Growth,1.0113387888707037
2006,Klamath Mountains,Growth,1.014088379705401
2007,Klamath Mountains,Growth,1.0165630114566284
2008,Klamath Mountains,Growth,1.0189328968903437
2009,Klamath Mountains,Growth,1.021328968903437
2010,Klamath Mountains,Growth,1.0245630114566284
2011,Klamath Mountains,Growth,1.0268543371522094
2012,Klamath Mountains,Growth,1.029734860883797
2013,Klamath Mountains,Growth,1.0332307692307692
2014,Klamath Mountains,Growth,1.0360196399345336
2015,Klamath Mountains,Growth,1.038873977086743
2016,Klamath Mountains,Growth,1.0432995090016366
2017,Klamath Mountains,Growth,1.04556421603928
2018,Klamath Mountains,Growth,1.047828923076923
2019,Klamath Mountains,Growth,1.0500936301145662
2020,Klamath Mountains,Growth,1.0523583371522094
2021,Klamath Mountains,Growth,1.055489893289689
2022,Klamath Mountains,Growth,1.0586214494271686
2023,Klamath Mountains,Growth,1.061753005564648
2024,Klamath Mountains,Growth,1.0648845617021276
2025,Klamath Mountains,Growth,1.0680161178396073
2026,Klamath Mountains,Growth,1.0711476739770867
2027,Klamath Mountains,Growth,1.0742792301145663
2028,Klamath Mountains,Growth,1.0774107862520457
2029,Klamath Mountains,Growth,1.0805423423895253
2030,Klamath Mountains,Growth,1.083673898527005
2031,Klamath Mountains,Growth,1.0870518428805238
2032,Klamath Mountains,Growth,1.0904297872340425
2033,Klamath Mountains,Growth,1.0938077315875614
2034,Klamath Mountains,Growth,1.09718567594108
2035,Klamath Mountains,Growth,1.100563620294599
2036,Klamath Mountains,Growth,1.1039415646481179
2037,Klamath Mountains,Growth,1.1073195090016368
2038,Klamath Mountains,Growth,1.1106974533551555
2039,Klamath Mountains,Growth,1.1140753977086744
2040,Klamath Mountains,Growth,1.117453342062193
2041,Klamath Mountains,Growth,1.120817051391162
2042,Klamath Mountains,Growth,1.1241807607201308
2043,Klamath Mountains,Growth,1.1275444700491
2044,Klamath Mountains,Growth,1.1309081793780686
2045,Klamath Mountains,Growth,1.1342718887070378
2046,Klamath Mountains,Growth,1.1376355980360064
2047,Klamath Mountains,Growth,1.1409993073649753
2048,Klamath Mountains,Growth,1.1443630166939445
2049,Klamath Mountains,Growth,1.1477267260229134
2050,Klamath Mountains,Growth,1.1510904353518823
2051,Klamath Mountains,Growth,1.154014956464812
2052,Klamath Mountains,Growth,1.1569394775777413
2053,Klamath Mountains,Growth,1.1598639986906711
2054,Klamath Mountains,Growth,1.1627885198036008
2055,Klamath Mountains,Growth,1.1657130409165304
2056,Klamath Mountains,Growth,1.1686375620294598
2057,Klamath Mountains,Growth,1.1715620831423896
2058,Klamath Mountains,Growth,1.1744866042553193
2059,Klamath Mountains,Growth,1.1774111253682489
2060,Klamath Mountains,Growth,1.1803356464811785
2061,Klamath Mountains,Growth,1.1823560484451718
2062,Klamath Mountains,Growth,1.1843764504091654
2063,Klamath Mountains,Growth,1.1863968523731587
2064,Klamath Mountains,Growth,1.1884172543371523
2065,Klamath Mountains,Growth,1.1904376563011456
2066,Klamath Mountains,Growth,1.1924580582651392
2067,Klamath Mountains,Growth,1.1944784602291327
2068,Klamath Mountains,Growth,1.196498862193126
2069,Klamath Mountains,Growth,1.1985192641571194
2070,Klamath Mountains,Growth,1.200539666121113
2071,Klamath Mountains,Growth,1.201434697217676
2072,Klamath Mountains,Growth,1.2023297283142391
2073,Klamath Mountains,Growth,1.203224759410802
2074,Klamath Mountains,Growth,1.204119790507365
2075,Klamath Mountains,Growth,1.205014821603928
2076,Klamath Mountains,Growth,1.205909852700491
2077,Klamath Mountains,Growth,1.206804883797054
2078,Klamath Mountains,Growth,1.207699914893617
2079,Klamath Mountains,Growth,1.2085949459901801
2080,Klamath Mountains,Growth,1.209489977086743
2081,Klamath Mountains,Growth,1.2098307626841243
2082,Klamath Mountains,Growth,1.2101715482815056
2083,Klamath Mountains,Growth,1.2105123338788872
2084,Klamath Mountains,Growth,1.2108531194762684
2085,Klamath Mountains,Growth,1.2111939050736498
2086,Klamath Mountains,Growth,1.2115346906710311
2087,Klamath Mountains,Growth,1.2118754762684123
2088,Klamath Mountains,Growth,1.212216261865794
2089,Klamath Mountains,Growth,1.212557047463175
2090,Klamath Mountains,Growth,1.2128978330605564
2091,Klamath Mountains,Growth,1.2135024261865794
2092,Klamath Mountains,Growth,1.2141070193126022
2093,Klamath Mountains,Growth,1.2147116124386252
2094,Klamath Mountains,Growth,1.215316205564648
2095,Klamath Mountains,Growth,1.215920798690671
2096,Klamath Mountains,Growth,1.2165253918166938
2097,Klamath Mountains,Growth,1.2171299849427168
2098,Klamath Mountains,Growth,1.2177345780687399
2099,Klamath Mountains,Growth,1.2183391711947626
2100,Klamath Mountains,Growth,1.2189437643207857
2002,Mojave Basin and Range,Growth,1.0028019639934533
2003,Mojave Basin and Range,Growth,1.0061014729950901
2004,Mojave Basin and Range,Growth,1.008353518821604
2005,Mojave Basin and Range,Growth,1.0113387888707037
2006,Mojave Basin and Range,Growth,1.014088379705401
2007,Mojave Basin and Range,Growth,1.0165630114566284
2008,Mojave Basin and Range,Growth,1.0189328968903437
2009,Mojave Basin and Range,Growth,1.021328968903437
2010,Mojave Basin and Range,Growth,1.0245630114566284
2011,Mojave Basin and Range,Growth,1.0268543371522094
2012,Mojave Basin and Range,Growth,1.029734860883797
2013,Mojave Basin and Range,Growth,1.0332307692307692
2014,Mojave Basin and Range,Growth,1.0360196399345336
2015,Mojave Basin and Range,Growth,1.038873977086743
2016,Mojave Basin and Range,Growth,1.0432995090016366
2017,Mojave Basin and Range,Growth,1.04556421603928
2018,Mojave Basin and Range,Growth,1.047828923076923
2019,Mojave Basin and Range,Growth,1.0500936301145662
2020,Mojave Basin and Range,Growth,1.0523583371522094
2021,Mojave Basin and Range,Growth,1.055489893289689
2022,Mojave Basin and Range,Growth,1.0586214494271686
2023,Mojave Basin and Range,Growth,1.061753005564648
2024,Mojave Basin and Range,Growth,1.0648845617021276
2025,Mojave Basin and Range,Growth,1.0680161178396073
2026,Mojave Basin and Range,Growth,1.0711476739770867
2027,Mojave Basin and Range,Growth,1.0742792301145663
2028,Mojave Basin and Range,Growth,1.0774107862520457
2029,Mojave Basin and Range,Growth,1.0805423423895253
2030,Mojave Basin and Range,Growth,1.083673898527005
2031,Mojave Basin and Range,Growth,1.0870518428805238
2032,Mojave Basin and Range,Growth,1.0904297872340425
2033,Mojave Basin and Range,Growth,1.0938077315875614
2034,Mojave Basin and Range,Growth,1.09718567594108
2035,Mojave Basin and Range,Growth,1.100563620294599
2036,Mojave Basin and Range,Growth,1.1039415646481179
2037,Mojave Basin and Range,Growth,1.1073195090016368
2038,Mojave Basin and Range,Growth,1.1106974533551555
2039,Mojave Basin and Range,Growth,1.1140753977086744
2040,Mojave Basin and Range,Growth,1.117453342062193
2041,Mojave Basin and Range,Growth,1.120817051391162
2042,Mojave Basin and Range,Growth,1.1241807607201308
2043,Mojave Basin and Range,Growth,1.1275444700491
2044,Mojave Basin and Range,Growth,1.1309081793780686
2045,Mojave Basin and Range,Growth,1.1342718887070378
2046,Mojave Basin and Range,Growth,1.1376355980360064
2047,Mojave Basin and Range,Growth,1.1409993073649753
2048,Mojave Basin and Range,Growth,1.1443630166939445
2049,Mojave Basin and Range,Growth,1.1477267260229134
2050,Mojave Basin and Range,Growth,1.1510904353518823
2051,Mojave Basin and Range,Growth,1.154014956464812
2052,Mojave Basin and Range,Growth,1.1569394775777413
2053,Mojave Basin and Range,Growth,1.1598639986906711
2054,Mojave Basin and Range,Growth,1.1627885198036008
2055,Mojave Basin and Range,Growth,1.1657130409165304
2056,Mojave Basin and Range,Growth,1.1686375620294598
2057,Mojave Basin and Range,Growth,1.1715620831423896
2058,Mojave Basin and Range,Growth,1.1744866042553193
2059,Mojave Basin and Range,Growth,1.1774111253682489
2060,Mojave Basin and Range,Growth,1.1803356464811785
2061,Mojave Basin and Range,Growth,1.1823560484451718
2062,Mojave Basin and Range,Growth,1.1843764504091654
2063,Mojave Basin and Range,Growth,1.1863968523731587
2064,Mojave Basin and Range,Growth,1.1884172543371523
2065,Mojave Basin and Range,Growth,1.1904376563011456
2066,Mojave Basin and Range,Growth,1.1924580582651392
2067,Mojave Basin and Range,Growth,1.1944784602291327
2068,Mojave Basin and Range,Growth,1.196498862193126
2069,Mojave Basin and Range,Growth,1.1985192641571194
2070,Mojave Basin and Range,Growth,1.200539666121113
2071,Mojave Basin and Range,Growth,1.201434697217676
2072,Mojave Basin and Range,Growth,1.2023297283142391
2073,Mojave Basin and Range,Growth,1.203224759410802
2074,Mojave Basin and Range,Growth,1.204119790507365
2075,Mojave Basin and Range,Growth,1.205014821603928
2076,Mojave Basin and Range,Growth,1.205909852700491
2077,Mojave Basin and Range,Growth,1.206804883797054
2078,Mojave Basin and Range,Growth,1.207699914893617
2079,Mojave Basin and Range,Growth,1.2085949459901801
2080,Mojave Basin and Range,Growth,1.209489977086743
2081,Mojave Basin and Range,Growth,1.2098307626841243
2082,Mojave Basin and Range,Growth,1.2101715482815056
2083,Mojave Basin and Range,Growth,1.2105123338788872
2084,Mojave Basin and Range,Growth,1.2108531194762684
2085,Mojave Basin and Range,Growth,1.2111939050736498
2086,Mojave Basin and Range,Growth,1.2115346906710311
2087,Mojave Basin and Range,Growth,1.2118754762684123
2088,Mojave Basin and Range,Growth,1.212216261865794
2089,Mojave Basin and Range,Growth,1.212557047463175
2090,Mojave Basin and Range,Growth,1.2128978330605564
2091,Mojave Basin and Range,Growth,1.2135024261865794
2092,Mojave Basin and Range,Growth,1.2141070193126022
2093,Mojave Basin and Range,Growth,1.2147116124386252
2094,Mojave Basin and Range,Growth,1.215316205564648
2095,Mojave Basin and Range,Growth,1.215920798690671
2096,Mojave Basin and Range,Growth,1.2165253918166938
2097,Mojave Basin and Range,Growth,1.2171299849427168
2098,Mojave Basin and Range,Growth,1.2177345780687399
2099,Mojave Basin and Range,Growth,1.2183391711947626
2100,Mojave Basin and Range,Growth,1.2189437643207857
2002,Northern Basin and Range,Growth,1.0028019639934533
2003,Northern Basin and Range,Growth,1.0061014729950901
2004,Northern Basin and Range,Growth,1.008353518821604
2005,Northern Basin and Range,Growth,1.0113387888707037
2006,Northern Basin and Range,Growth,1.014088379705401
2007,Northern Basin and Range,Growth,1.0165630114566284
2008,Northern Basin and Range,Growth,1.0189328968903437
2009,Northern Basin and Range,Growth,1.021328968903437
2010,Northern Basin and Range,Growth,1.0245630114566284
2011,Northern Basin and Range,Growth,1.0268543371522094
2012,Northern Basin and Range,Growth,1.029734860883797
2013,Northern Basin and Range,Growth,1.0332307692307692
2014,Northern Basin and Range,Growth,1.0360196399345336
2015,Northern Basin and Range,Growth,1.038873977086743
2016,Northern Basin and Range,Growth,1.0432995090016366
2017,Northern Basin and Range,Growth,1.04556421603928
2018,Northern Basin and Range,Growth,1.047828923076923
2019,Northern Basin and Range,Growth,1.0500936301145662
2020,Northern Basin and Range,Growth,1.0523583371522094
2021,Northern Basin and Range,Growth,1.055489893289689
2022,Northern Basin and Range,Growth,1.0586214494271686
2023,Northern Basin and Range,Growth,1.061753005564648
2024,Northern Basin and Range,Growth,1.0648845617021276
2025,Northern Basin and Range,Growth,1.0680161178396073
2026,Northern Basin and Range,Growth,1.0711476739770867
2027,Northern Basin and Range,Growth,1.0742792301145663
2028,Northern Basin and Range,Growth,1.0774107862520457
2029,Northern Basin and Range,Growth,1.0805423423895253
2030,Northern Basin and Range,Growth,1.083673898527005
2031,Northern Basin and Range,Growth,1.0870518428805238
2032,Northern Basin and Range,Growth,1.0904297872340425
2033,Northern Basin and Range,Growth,1.0938077315875614
2034,Northern Basin and Range,Growth,1.09718567594108
2035,Northern Basin and Range,Growth,1.100563620294599
2036,Northern Basin and Range,Growth,1.1039415646481179
2037,Northern Basin and Range,Growth,1.1073195090016368
2038,Northern Basin and Range,Growth,1.1106974533551555
2039,Northern Basin and Range,Growth,1.1140753977086744
2040,Northern Basin and Range,Growth,1.117453342062193
2041,Northern Basin and Range,Growth,1.120817051391162
2042,Northern Basin and Range,Growth,1.1241807607201308
2043,Northern Basin and Range,Growth,1.1275444700491
2044,Northern Basin and Range,Growth,1.1309081793780686
2045,Northern Basin and Range,Growth,1.1342718887070378
2046,Northern Basin and Range,Growth,1.1376355980360064
2047,Northern Basin and Range,Growth,1.1409993073649753
2048,Northern Basin and Range,Growth,1.1443630166939445
2049,Northern Basin and Range,Growth,1.1477267260229134
2050,Northern Basin and Range,Growth,1.1510904353518823
2051,Northern Basin and Range,Growth,1.154014956464812
2052,Northern Basin and Range,Growth,1.1569394775777413
2053,Northern Basin and Range,Growth,1.1598639986906711
2054,Northern Basin and Range,Growth,1.1627885198036008
2055,Northern Basin and Range,Growth,1.1657130409165304
2056,Northern Basin and Range,Growth,1.1686375620294598
2057,Northern Basin and Range,Growth,1.1715620831423896
2058,Northern Basin and Range,Growth,1.1744866042553193
2059,Northern Basin and Range,Growth,1.1774111253682489
2060,Northern Basin and Range,Growth,1.1803356464811785
2061,Northern Basin and Range,Growth,1.1823560484451718
2062,Northern Basin and Range,Growth,1.1843764504091654
2063,Northern Basin and Range,Growth,1.1863968523731587
2064,Northern Basin and Range,Growth,1.1884172543371523
2065,Northern Basin and Range,Growth,1.1904376563011456
2066,Northern Basin and Range,Growth,1.1924580582651392
2067,Northern Basin and Range,Growth,1.1944784602291327
2068,Northern Basin and Range,Growth,1.196498862193126
2069,Northern Basin and Range,Growth,1.1985192641571194
2070,Northern Basin and Range,Growth,1.200539666121113
2071,Northern Basin and Range,Growth,1.201434697217676
2072,Northern Basin and Range,Growth,1.2023297283142391
2073,Northern Basin and Range,Growth,1.203224759410802
2074,Northern Basin and Range,Growth,1.204119790507365
2075,Northern Basin and Range,Growth,1.205014821603928
2076,Northern Basin and Range,Growth,1.205909852700491
2077,Northern Basin and Range,Growth,1.206804883797054
2078,Northern Basin and Range,Growth,1.207699914893617
2079,Northern Basin and Range,Growth,1.2085949459901801
2080,Northern Basin and Range,Growth,1.209489977086743
2081,Northern Basin and Range,Growth,1.2098307626841243
2082,Northern Basin and Range,Growth,1.2101715482815056
2083,Northern Basin and Range,Growth,1.2105123338788872
2084,Northern Basin and Range,Growth,1.2108531194762684
2085,Northern Basin and Range,Growth,1.2111939050736498
2086,Northern Basin and Range,Growth,1.2115346906710311
2087,Northern Basin and Range,Growth,1.2118754762684123
2088,Northern Basin and Range,Growth,1.212216261865794
2089,Northern Basin and Range,Growth,1.212557047463175
2090,Northern Basin and Range,Growth,1.2128978330605564
2091,Northern Basin and Range,Growth,1.2135024261865794
2092,Northern Basin and Range,Growth,1.2141070193126022
2093,Northern Basin and Range,Growth,1.2147116124386252
2094,Northern Basin and Range,Growth,1.215316205564648
2095,Northern Basin and Range,Growth,1.215920798690671
2096,Northern Basin and Range,Growth,1.2165253918166938
2097,Northern Basin and Range,Growth,1.2171299849427168
2098,Northern Basin and Range,Growth,1.2177345780687399
2099,Northern Basin and Range,Growth,1.2183391711947626
2100,Northern Basin and Range,Growth,1.2189437643207857
2002,Sierra Nevada,Growth,1.0028019639934533
2003,Sierra Nevada,Growth,1.0061014729950901
2004,Sierra Nevada,Growth,1.008353518821604
2005,Sierra Nevada,Growth,1.0113387888707037
2006,Sierra Nevada,Growth,1.014088379705401
2007,Sierra Nevada,Growth,1.0165630114566284
2008,Sierra Nevada,Growth,1.0189328968903437
2009,Sierra Nevada,Growth,1.021328968903437
2010,Sierra Nevada,Growth,1.0245630114566284
2011,Sierra Nevada,Growth,1.0268543371522094
2012,Sierra Nevada,Growth,1.029734860883797
2013,Sierra Nevada,Growth,1.0332307692307692
2014,Sierra Nevada,Growth,1.0360196399345336
2015,Sierra Nevada,Growth,1.038873977086743
2016,Sierra Nevada,Growth,1.0432995090016366
2017,Sierra Nevada,Growth,1.04556421603928
2018,Sierra Nevada,Growth,1.047828923076923
2019,Sierra Nevada,Growth,1.0500936301145662
2020,Sierra Nevada,Growth,1.0523583371522094
2021,Sierra Nevada,Growth,1.055489893289689
2022,Sierra Nevada,Growth,1.0586214494271686
2023,Sierra Nevada,Growth,1.061753005564648
2024,Sierra Nevada,Growth,1.0648845617021276
2025,Sierra Nevada,Growth,1.0680161178396073
2026,Sierra Nevada,Growth,1.0711476739770867
2027,Sierra Nevada,Growth,1.0742792301145663
2028,Sierra Nevada,Growth,1.0774107862520457
2029,Sierra Nevada,Growth,1.0805423423895253
2030,Sierra Nevada,Growth,1.083673898527005
2031,Sierra Nevada,Growth,1.0870518428805238
2032,Sierra Nevada,Growth,1.0904297872340425
2033,Sierra Nevada,Growth,1.0938077315875614
2034,Sierra Nevada,Growth,1.09718567594108
2035,Sierra Nevada,Growth,1.100563620294599
2036,Sierra Nevada,Growth,1.1039415646481179
2037,Sierra Nevada,Growth,1.1073195090016368
2038,Sierra Nevada,Growth,1.1106974533551555
2039,Sierra Nevada,Growth,1.1140753977086744
2040,Sierra Nevada,Growth,1.117453342062193
2041,Sierra Nevada,Growth,1.120817051391162
2042,Sierra Nevada,Growth,1.1241807607201308
2043,Sierra Nevada,Growth,1.1275444700491
2044,Sierra Nevada,Growth,1.1309081793780686
2045,Sierra Nevada,Growth,1.1342718887070378
2046,Sierra Nevada,Growth,1.1376355980360064
2047,Sierra Nevada,Growth,1.1409993073649753
2048,Sierra Nevada,Growth,1.1443630166939445
2049,Sierra Nevada,Growth,1.1477267260229134
2050,Sierra Nevada,Growth,1.1510904353518823
2051,Sierra Nevada,Growth,1.154014956464812
2052,Sierra Nevada,Growth,1.1569394775777413
2053,Sierra Nevada,Growth,1.1598639986906711
2054,Sierra Nevada,Growth,1.1627885198036008
2055,Sierra Nevada,Growth,1.1657130409165304
2056,Sierra Nevada,Growth,1.1686375620294598
2057,Sierra Nevada,Growth,1.1715620831423896
2058,Sierra Nevada,Growth,1.1744866042553193
2059,Sierra Nevada,Growth,1.1774111253682489
2060,Sierra Nevada,Growth,1.1803356464811785
2061,Sierra Nevada,Growth,1.1823560484451718
2062,Sierra Nevada,Growth,1.1843764504091654
2063,Sierra Nevada,Growth,1.1863968523731587
2064,Sierra Nevada,Growth,1.1884172543371523
2065,Sierra Nevada,Growth,1.1904376563011456
2066,Sierra Nevada,Growth,1.1924580582651392
2067,Sierra Nevada,Growth,1.1944784602291327
2068,Sierra Nevada,Growth,1.196498862193126
2069,Sierra Nevada,Growth,1.1985192641571194
2070,Sierra Nevada,Growth,1.200539666121113
2071,Sierra Nevada,Growth,1.201434697217676
2072,Sierra Nevada,Growth,1.2023297283142391
2073,Sierra Nevada,Growth,1.203224759410802
2074,Sierra Nevada,Growth,1.204119790507365
2075,Sierra Nevada,Growth,1.205014821603928
2076,Sierra Nevada,Growth,1.205909852700491
2077,Sierra Nevada,Growth,1.206804883797054
2078,Sierra Nevada,Growth,1.207699914893617
2079,Sierra Nevada,Growth,1.2085949459901801
2080,Sierra Nevada,Growth,1.209489977086743
2081,Sierra Nevada,Growth,1.2098307626841243
2082,Sierra Nevada,Growth,1.2101715482815056
2083,Sierra Nevada,Growth,1.2105123338788872
2084,Sierra Nevada,Growth,1.2108531194762684
2085,Sierra Nevada,Growth,1.2111939050736498
2086,Sierra Nevada,Growth,1.2115346906710311
2087,Sierra Nevada,Growth,1.2118754762684123
2088,Sierra Nevada,Growth,1.212216261865794
2089,Sierra Nevada,Growth,1.212557047463175
2090,Sierra Nevada,Growth,1.2128978330605564
2091,Sierra Nevada,Growth,1.2135024261865794
2092,Sierra Nevada,Growth,1.2141070193126022
2093,Sierra Nevada,Growth,1.2147116124386252
2094,Sierra Nevada,Growth,1.215316205564648
2095,Sierra Nevada,Growth,1.215920798690671
2096,Sierra Nevada,Growth,1.2165253918166938
2097,Sierra Nevada,Growth,1.2171299849427168
2098,Sierra Nevada,Growth,1.2177345780687399
2099,Sierra Nevada,Growth,1.2183391711947626
2100,Sierra Nevada,Growth,1.2189437643207857
2002,Sonoran Basin and Range,Growth,1.0028019639934533
2003,Sonoran Basin and Range,Growth,1.0061014729950901
2004,Sonoran Basin and Range,Growth,1.008353518821604
2005,Sonoran Basin and Range,Growth,1.0113387888707037
2006,Sonoran Basin and Range,Growth,1.014088379705401
2007,Sonoran Basin and Range,Growth,1.0165630114566284
2008,Sonoran Basin and Range,Growth,1.0189328968903437
2009,Sonoran Basin and Range,Growth,1.021328968903437
2010,Sonoran Basin and Range,Growth,1.0245630114566284
2011,Sonoran Basin and Range,Growth,1.0268543371522094
2012,Sonoran Basin and Range,Growth,1.029734860883797
2013,Sonoran Basin and Range,Growth,1.0332307692307692
2014,Sonoran Basin and Range,Growth,1.0360196399345336
2015,Sonoran Basin and Range,Growth,1.038873977086743
2016,Sonoran Basin and Range,Growth,1.0432995090016366
2017,Sonoran Basin and Range,Growth,1.04556421603928
2018,Sonoran Basin and Range,Growth,1.047828923076923
2019,Sonoran Basin and Range,Growth,1.0500936301145662
2020,Sonoran Basin and Range,Growth,1.0523583371522094
2021,Sonoran Basin and Range,Growth,1.055489893289689
2022,Sonoran Basin and Range,Growth,1.0586214494271686
2023,Sonoran Basin and Range,Growth,1.061753005564648
2024,Sonoran Basin and Range,Growth,1.0648845617021276
2025,Sonoran Basin and Range,Growth,1.0680161178396073
2026,Sonoran Basin and Range,Growth,1.0711476739770867
2027,Sonoran Basin and Range,Growth,1.0742792301145663
2028,Sonoran Basin and Range,Growth,1.0774107862520457
2029,Sonoran Basin and Range,Growth,1.0805423423895253
2030,Sonoran Basin and Range,Growth,1.083673898527005
2031,Sonoran Basin and Range,Growth,1.0870518428805238
2032,Sonoran Basin and Range,Growth,1.0904297872340425
2033,Sonoran Basin and Range,Growth,1.0938077315875614
2034,Sonoran Basin and Range,Growth,1.09718567594108
2035,Sonoran Basin and Range,Growth,1.100563620294599
2036,Sonoran Basin and Range,Growth,1.1039415646481179
2037,Sonoran Basin and Range,Growth,1.1073195090016368
2038,Sonoran Basin and Range,Growth,1.1106974533551555
2039,Sonoran Basin and Range,Growth,1.1140753977086744
2040,Sonoran Basin and Range,Growth,1.117453342062193
2041,Sonoran Basin and Range,Growth,1.120817051391162
2042,Sonoran Basin and Range,Growth,1.1241807607201308
2043,Sonoran Basin and Range,Growth,1.1275444700491
2044,Sonoran Basin and Range,Growth,1.1309081793780686
2045,Sonoran Basin and Range,Growth,1.1342718887070378
2046,Sonoran Basin and Range,Growth,1.1376355980360064
2047,Sonoran Basin and Range,Growth,1.1409993073649753
2048,Sonoran Basin and Range,Growth,1.1443630166939445
2049,Sonoran Basin and Range,Growth,1.1477267260229134
2050,Sonoran Basin and Range,Growth,1.1510904353518823
2051,Sonoran Basin and Range,Growth,1.154014956464812
2052,Sonoran Basin and Range,Growth,1.1569394775777413
2053,Sonoran Basin and Range,Growth,1.1598639986906711
2054,Sonoran Basin and Range,Growth,1.1627885198036008
2055,Sonoran Basin and Range,Growth,1.1657130409165304
2056,Sonoran Basin and Range,Growth,1.1686375620294598
2057,Sonoran Basin and Range,Growth,1.1715620831423896
2058,Sonoran Basin and Range,Growth,1.1744866042553193
2059,Sonoran Basin and Range,Growth,1.1774111253682489
2060,Sonoran Basin and Range,Growth,1.1803356464811785
2061,Sonoran Basin and Range,Growth,1.1823560484451718
2062,Sonoran Basin and Range,Growth,1.1843764504091654
2063,Sonoran Basin and Range,Growth,1.1863968523731587
2064,Sonoran Basin and Range,Growth,1.1884172543371523
2065,Sonoran Basin and Range,Growth,1.1904376563011456
2066,Sonoran Basin and Range,Growth,1.1924580582651392
2067,Sonoran Basin and Range,Growth,1.1944784602291327
2068,Sonoran Basin and Range,Growth,1.196498862193126
2069,Sonoran Basin and Range,Growth,1.1985192641571194
2070,Sonoran Basin and Range,Growth,1.200539666121113
2071,Sonoran Basin and Range,Growth,1.201434697217676
2072,Sonoran Basin and Range,Growth,1.2023297283142391
2073,Sonoran Basin and Range,Growth,1.203224759410802
2074,Sonoran Basin and Range,Growth,1.204119790507365
2075,Sonoran Basin and Range,Growth,1.205014821603928
2076,Sonoran Basin and Range,Growth,1.205909852700491
2077,Sonoran Basin and Range,Growth,1.206804883797054
2078,Sonoran Basin and Range,Growth,1.207699914893617
2079,Sonoran Basin and Range,Growth,1.2085949459901801
2080,Sonoran Basin and Range,Growth,1.209489977086743
2081,Sonoran Basin and Range,Growth,1.2098307626841243
2082,Sonoran Basin and Range,Growth,1.2101715482815056
2083,Sonoran Basin and Range,Growth,1.2105123338788872
2084,Sonoran Basin and Range,Growth,1.2108531194762684
2085,Sonoran Basin and Range,Growth,1.2111939050736498
2086,Sonoran Basin and Range,Growth,1.2115346906710311
2087,Sonoran Basin and Range,Growth,1.2118754762684123
2088,Sonoran Basin and Range,Growth,1.212216261865794
2089,Sonoran Basin and Range,Growth,1.212557047463175
2090,Sonoran Basin and Range,Growth,1.2128978330605564
2091,Sonoran Basin and Range,Growth,1.2135024261865794
2092,Sonoran Basin and Range,Growth,1.2141070193126022
2093,Sonoran Basin and Range,Growth,1.2147116124386252
2094,Sonoran Basin and Range,Growth,1.215316205564648
2095,Sonoran Basin and Range,Growth,1.215920798690671
2096,Sonoran Basin and Range,Growth,1.2165253918166938
2097,Sonoran Basin and Range,Growth,1.2171299849427168
2098,Sonoran Basin and Range,Growth,1.2177345780687399
2099,Sonoran Basin and Range,Growth,1.2183391711947626
2100,Sonoran Basin and Range,Growth,1.2189437643207857
2002,Southern California Mountains,Growth,1.0028019639934533
2003,Southern California Mountains,Growth,1.0061014729950901
2004,Southern California Mountains,Growth,1.008353518821604
2005,Southern California Mountains,Growth,1.0113387888707037
2006,Southern California Mountains,Growth,1.014088379705401
2007,Southern California Mountains,Growth,1.0165630114566284
2008,Southern California Mountains,Growth,1.0189328968903437
2009,Southern California Mountains,Growth,1.021328968903437
2010,Southern California Mountains,Growth,1.0245630114566284
2011,Southern California Mountains,Growth,1.0268543371522094
2012,Southern California Mountains,Growth,1.029734860883797
2013,Southern California Mountains,Growth,1.0332307692307692
2014,Southern California Mountains,Growth,1.0360196399345336
2015,Southern California Mountains,Growth,1.038873977086743
2016,Southern California Mountains,Growth,1.0432995090016366
2017,Southern California Mountains,Growth,1.04556421603928
2018,Southern California Mountains,Growth,1.047828923076923
2019,Southern California Mountains,Growth,1.0500936301145662
2020,Southern California Mountains,Growth,1.0523583371522094
2021,Southern California Mountains,Growth,1.055489893289689
2022,Southern California Mountains,Growth,1.0586214494271686
2023,Southern California Mountains,Growth,1.061753005564648
2024,Southern California Mountains,Growth,1.0648845617021276
2025,Southern California Mountains,Growth,1.0680161178396073
2026,Southern California Mountains,Growth,1.0711476739770867
2027,Southern California Mountains,Growth,1.0742792301145663
2028,Southern California Mountains,Growth,1.0774107862520457
2029,Southern California Mountains,Growth,1.0805423423895253
2030,Southern California Mountains,Growth,1.083673898527005
2031,Southern California Mountains,Growth,1.0870518428805238
2032,Southern California Mountains,Growth,1.0904297872340425
2033,Southern California Mountains,Growth,1.0938077315875614
2034,Southern California Mountains,Growth,1.09718567594108
2035,Southern California Mountains,Growth,1.100563620294599
2036,Southern California Mountains,Growth,1.1039415646481179
2037,Southern California Mountains,Growth,1.1073195090016368
2038,Southern California Mountains,Growth,1.1106974533551555
2039,Southern California Mountains,Growth,1.1140753977086744
2040,Southern California Mountains,Growth,1.117453342062193
2041,Southern California Mountains,Growth,1.120817051391162
2042,Southern California Mountains,Growth,1.1241807607201308
2043,Southern California Mountains,Growth,1.1275444700491
2044,Southern California Mountains,Growth,1.1309081793780686
2045,Southern California Mountains,Growth,1.1342718887070378
2046,Southern California Mountains,Growth,1.1376355980360064
2047,Southern California Mountains,Growth,1.1409993073649753
2048,Southern California Mountains,Growth,1.1443630166939445
2049,Southern California Mountains,Growth,1.1477267260229134
2050,Southern California Mountains,Growth,1.1510904353518823
2051,Southern California Mountains,Growth,1.154014956464812
2052,Southern California Mountains,Growth,1.1569394775777413
2053,Southern California Mountains,Growth,1.1598639986906711
2054,Southern California Mountains,Growth,1.1627885198036008
2055,Southern California Mountains,Growth,1.1657130409165304
2056,Southern California Mountains,Growth,1.1686375620294598
2057,Southern California Mountains,Growth,1.1715620831423896
2058,Southern California Mountains,Growth,1.1744866042553193
2059,Southern California Mountains,Growth,1.1774111253682489
2060,Southern California Mountains,Growth,1.1803356464811785
2061,Southern California Mountains,Growth,1.1823560484451718
2062,Southern California Mountains,Growth,1.1843764504091654
2063,Southern California Mountains,Growth,1.1863968523731587
2064,Southern California Mountains,Growth,1.1884172543371523
2065,Southern California Mountains,Growth,1.1904376563011456
2066,Southern California Mountains,Growth,1.1924580582651392
2067,Southern California Mountains,Growth,1.1944784602291327
2068,Southern California Mountains,Growth,1.196498862193126
2069,Southern California Mountains,Growth,1.1985192641571194
2070,Southern California Mountains,Growth,1.200539666121113
2071,Southern California Mountains,Growth,1.201434697217676
2072,Southern California Mountains,Growth,1.2023297283142391
2073,Southern California Mountains,Growth,1.203224759410802
2074,Southern California Mountains,Growth,1.204119790507365
2075,Southern California Mountains,Growth,1.205014821603928
2076,Southern California Mountains,Growth,1.205909852700491
2077,Southern California Mountains,Growth,1.206804883797054
2078,Southern California Mountains,Growth,1.207699914893617
2079,Southern California Mountains,Growth,1.2085949459901801
2080,Southern California Mountains,Growth,1.209489977086743
2081,Southern California Mountains,Growth,1.2098307626841243
2082,Southern California Mountains,Growth,1.2101715482815056
2083,Southern California Mountains,Growth,1.2105123338788872
2084,Southern California Mountains,Growth,1.2108531194762684
2085,Southern California Mountains,Growth,1.2111939050736498
2086,Southern California Mountains,Growth,1.2115346906710311
2087,Southern California Mountains,Growth,1.2118754762684123
2088,Southern California Mountains,Growth,1.212216261865794
2089,Southern California Mountains,Growth,1.212557047463175
2090,Southern California Mountains,Growth,1.2128978330605564
2091,Southern California Mountains,Growth,1.2135024261865794
2092,Southern California Mountains,Growth,1.2141070193126022
2093,Southern California Mountains,Growth,1.2147116124386252
2094,Southern California Mountains,Growth,1.215316205564648
2095,Southern California Mountains,Growth,1.215920798690671
2096,Southern California Mountains,Growth,1.2165253918166938
2097,Southern California Mountains,Growth,1.2171299849427168
2098,Southern California Mountains,Growth,1.2177345780687399
2099,Southern California Mountains,Growth,1.2183391711947626
2100,Southern California Mountains,Growth,1.2189437643207857
