Timestep,StratumID,FlowGroupID,Value,FlowMultiplierTypeID
1970,California Chaparral and Oak Woodlands,Growth,1.15505930170662,Climate
1970,Cascades,Growth,1.10805900507855,Climate
1970,Central Basin and Range,Growth,0.907357764294494,Climate
1970,Central California Valley,Growth,1.13765101019473,Climate
1970,Coast Range,Growth,1.13745780363061,Climate
1970,Eastern Cascades Slopes and Foothills,Growth,1.24273034400884,Climate
1970,Klamath Mountains,Growth,1.12453068090703,Climate
1970,Mojave Basin and Range,Growth,0.817947187145287,Climate
1970,Northern Basin and Range,Growth,1.32249943058764,Climate
1970,Sierra Nevada,Growth,1.1340488541265,Climate
1970,Sonoran Basin and Range,Growth,0.738264833822703,Climate
1970,Southern California Mountains,Growth,1.12521432304177,Climate
1971,California Chaparral and Oak Woodlands,Growth,0.706606897612251,Climate
1971,Cascades,Growth,0.961822621563638,Climate
1971,Central Basin and Range,Growth,0.92798198027453,Climate
1971,Central California Valley,Growth,0.677630188641182,Climate
1971,Coast Range,Growth,0.917006863319182,Climate
1971,Eastern Cascades Slopes and Foothills,Growth,1.09294498296668,Climate
1971,Klamath Mountains,Growth,0.98001757338732,Climate
1971,Mojave Basin and Range,Growth,0.594342357026125,Climate
1971,Northern Basin and Range,Growth,1.24100158447359,Climate
1971,Sierra Nevada,Growth,0.942828022336402,Climate
1971,Sonoran Basin and Range,Growth,0.560487392455456,Climate
1971,Southern California Mountains,Growth,0.776836558882021,Climate
1972,California Chaparral and Oak Woodlands,Growth,0.67268517972008,Climate
1972,Cascades,Growth,0.957956845937971,Climate
1972,Central Basin and Range,Growth,0.698570876137925,Climate
1972,Central California Valley,Growth,0.700794192083555,Climate
1972,Coast Range,Growth,0.972964930839079,Climate
1972,Eastern Cascades Slopes and Foothills,Growth,0.945223288410011,Climate
1972,Klamath Mountains,Growth,1.01473161172007,Climate
1972,Mojave Basin and Range,Growth,0.614901877354666,Climate
1972,Northern Basin and Range,Growth,0.850721167312612,Climate
1972,Sierra Nevada,Growth,0.86683189043392594,Climate
1972,Sonoran Basin and Range,Growth,0.720118362123289,Climate
1972,Southern California Mountains,Growth,0.458823099184368,Climate
1973,California Chaparral and Oak Woodlands,Growth,1.2791514170912,Climate
1973,Cascades,Growth,1.11567071173054,Climate
1973,Central Basin and Range,Growth,1.12650253291076,Climate
1973,Central California Valley,Growth,1.36473356693901,Climate
1973,Coast Range,Growth,1.16880055070518,Climate
1973,Eastern Cascades Slopes and Foothills,Growth,1.05354029227102,Climate
1973,Klamath Mountains,Growth,1.09079251718974,Climate
1973,Mojave Basin and Range,Growth,0.888688737878464,Climate
1973,Northern Basin and Range,Growth,1.03319111439408,Climate
1973,Sierra Nevada,Growth,1.12179067137986,Climate
1973,Sonoran Basin and Range,Growth,0.645816666180032,Climate
1973,Southern California Mountains,Growth,1.16109022476082,Climate
1974,California Chaparral and Oak Woodlands,Growth,1.00016904031744,Climate
1974,Cascades,Growth,1.08960466194703,Climate
1974,Central Basin and Range,Growth,0.854221177270839,Climate
1974,Central California Valley,Growth,0.935714090428165,Climate
1974,Coast Range,Growth,1.02814795724691,Climate
1974,Eastern Cascades Slopes and Foothills,Growth,0.928846126179015,Climate
1974,Klamath Mountains,Growth,1.04178783371961,Climate
1974,Mojave Basin and Range,Growth,0.963814613104272,Climate
1974,Northern Basin and Range,Growth,0.823248703973493,Climate
1974,Sierra Nevada,Growth,1.01609131089438,Climate
1974,Sonoran Basin and Range,Growth,0.788422951350203,Climate
1974,Southern California Mountains,Growth,1.00200194673667,Climate
1975,California Chaparral and Oak Woodlands,Growth,0.845163497906189,Climate
1975,Cascades,Growth,1.02707832712573,Climate
1975,Central Basin and Range,Growth,0.851788041191803,Climate
1975,Central California Valley,Growth,0.794119817482617,Climate
1975,Coast Range,Growth,1.02900977910217,Climate
1975,Eastern Cascades Slopes and Foothills,Growth,1.01927348179948,Climate
1975,Klamath Mountains,Growth,1.04704970174045,Climate
1975,Mojave Basin and Range,Growth,0.484599299900667,Climate
1975,Northern Basin and Range,Growth,0.99765979428061,Climate
1975,Sierra Nevada,Growth,1.02776793045478,Climate
1975,Sonoran Basin and Range,Growth,0.451577608579247,Climate
1975,Southern California Mountains,Growth,0.722548592267792,Climate
1976,California Chaparral and Oak Woodlands,Growth,0.692666510354377,Climate
1976,Cascades,Growth,0.610982540991554,Climate
1976,Central Basin and Range,Growth,0.925298193541012,Climate
1976,Central California Valley,Growth,0.696338691893327,Climate
1976,Coast Range,Growth,0.626893335844484,Climate
1976,Eastern Cascades Slopes and Foothills,Growth,0.645451200935243,Climate
1976,Klamath Mountains,Growth,0.665522899173498,Climate
1976,Mojave Basin and Range,Growth,1.22923921144858,Climate
1976,Northern Basin and Range,Growth,0.679237285134703,Climate
1976,Sierra Nevada,Growth,0.592685707925136,Climate
1976,Sonoran Basin and Range,Growth,1.76255842127444,Climate
1976,Southern California Mountains,Growth,0.875645376738254,Climate
1977,California Chaparral and Oak Woodlands,Growth,0.82355541582894,Climate
1977,Cascades,Growth,0.917529886656102,Climate
1977,Central Basin and Range,Growth,1.05303558346689,Climate
1977,Central California Valley,Growth,0.7301620313678,Climate
1977,Coast Range,Growth,0.899907117854857,Climate
1977,Eastern Cascades Slopes and Foothills,Growth,0.959360187918437,Climate
1977,Klamath Mountains,Growth,0.964045364966204,Climate
1977,Mojave Basin and Range,Growth,1.14620157038413,Climate
1977,Northern Basin and Range,Growth,0.962162335789316,Climate
1977,Sierra Nevada,Growth,0.898855865538823,Climate
1977,Sonoran Basin and Range,Growth,1.26056719827469,Climate
1977,Southern California Mountains,Growth,1.00075114016994,Climate
1978,California Chaparral and Oak Woodlands,Growth,1.56725937967115,Climate
1978,Cascades,Growth,1.08706997713476,Climate
1978,Central Basin and Range,Growth,1.44670928304428,Climate
1978,Central California Valley,Growth,1.5895349172226,Climate
1978,Coast Range,Growth,1.04561281901006,Climate
1978,Eastern Cascades Slopes and Foothills,Growth,0.977404963228145,Climate
1978,Klamath Mountains,Growth,1.01347097626375,Climate
1978,Mojave Basin and Range,Growth,1.97016088321805,Climate
1978,Northern Basin and Range,Growth,0.940445516974455,Climate
1978,Sierra Nevada,Growth,1.12019566319218,Climate
1978,Sonoran Basin and Range,Growth,1.94591075847595,Climate
1978,Southern California Mountains,Growth,1.81391541234151,Climate
1979,California Chaparral and Oak Woodlands,Growth,1.13432958593223,Climate
1979,Cascades,Growth,1.06275924648405,Climate
1979,Central Basin and Range,Growth,0.882677747067465,Climate
1979,Central California Valley,Growth,1.08902220562397,Climate
1979,Coast Range,Growth,1.12199703308881,Climate
1979,Eastern Cascades Slopes and Foothills,Growth,1.10250131776092,Climate
1979,Klamath Mountains,Growth,1.06756323993126,Climate
1979,Mojave Basin and Range,Growth,1.17650595453997,Climate
1979,Northern Basin and Range,Growth,1.00035414606748,Climate
1979,Sierra Nevada,Growth,1.05250163640119,Climate
1979,Sonoran Basin and Range,Growth,1.4958744484614,Climate
1979,Southern California Mountains,Growth,1.0525489930613,Climate
1980,California Chaparral and Oak Woodlands,Growth,1.18941584752946,Climate
1980,Cascades,Growth,1.01196556003654,Climate
1980,Central Basin and Range,Growth,1.25949790407878,Climate
1980,Central California Valley,Growth,0.962520460608988,Climate
1980,Coast Range,Growth,0.979617369934971,Climate
1980,Eastern Cascades Slopes and Foothills,Growth,1.04382586819055,Climate
1980,Klamath Mountains,Growth,0.994470869617056,Climate
1980,Mojave Basin and Range,Growth,1.50466970889728,Climate
1980,Northern Basin and Range,Growth,1.16893660602595,Climate
1980,Sierra Nevada,Growth,1.10344662797515,Climate
1980,Sonoran Basin and Range,Growth,1.52042171665719,Climate
1980,Southern California Mountains,Growth,1.41446673074738,Climate
1981,California Chaparral and Oak Woodlands,Growth,1.05213258008264,Climate
1981,Cascades,Growth,1.15808365786686,Climate
1981,Central Basin and Range,Growth,1.0712634393224,Climate
1981,Central California Valley,Growth,1.11854230828902,Climate
1981,Coast Range,Growth,1.13410313890816,Climate
1981,Eastern Cascades Slopes and Foothills,Growth,1.28668825474417,Climate
1981,Klamath Mountains,Growth,1.12215234166854,Climate
1981,Mojave Basin and Range,Growth,0.933114302121452,Climate
1981,Northern Basin and Range,Growth,1.27873882297715,Climate
1981,Sierra Nevada,Growth,1.13356975747265,Climate
1981,Sonoran Basin and Range,Growth,0.820339754984383,Climate
1981,Southern California Mountains,Growth,0.838191707573438,Climate
1982,California Chaparral and Oak Woodlands,Growth,1.41639964671068,Climate
1982,Cascades,Growth,1.06629299322087,Climate
1982,Central Basin and Range,Growth,1.57623534381864,Climate
1982,Central California Valley,Growth,1.49024963573266,Climate
1982,Coast Range,Growth,1.16469598199349,Climate
1982,Eastern Cascades Slopes and Foothills,Growth,1.13613701592756,Climate
1982,Klamath Mountains,Growth,1.06725857115777,Climate
1982,Mojave Basin and Range,Growth,1.46942313152104,Climate
1982,Northern Basin and Range,Growth,1.19190677101227,Climate
1982,Sierra Nevada,Growth,1.14879201238183,Climate
1982,Sonoran Basin and Range,Growth,1.54385016950382,Climate
1982,Southern California Mountains,Growth,1.41306386329492,Climate
1983,California Chaparral and Oak Woodlands,Growth,1.8337464004999,Climate
1983,Cascades,Growth,1.16018297382394,Climate
1983,Central Basin and Range,Growth,1.76826941990742,Climate
1983,Central California Valley,Growth,1.838135593268,Climate
1983,Coast Range,Growth,1.24032053733045,Climate
1983,Eastern Cascades Slopes and Foothills,Growth,1.4110882167645,Climate
1983,Klamath Mountains,Growth,1.11340535367708,Climate
1983,Mojave Basin and Range,Growth,2.24843015320385,Climate
1983,Northern Basin and Range,Growth,1.59990666832131,Climate
1983,Sierra Nevada,Growth,1.20136671201459,Climate
1983,Sonoran Basin and Range,Growth,2.31754776051895,Climate
1983,Southern California Mountains,Growth,1.88512470872008,Climate
1984,California Chaparral and Oak Woodlands,Growth,0.69821107938577,Climate
1984,Cascades,Growth,0.954196984725017,Climate
1984,Central Basin and Range,Growth,1.01976810078367,Climate
1984,Central California Valley,Growth,0.682325670902311,Climate
1984,Coast Range,Growth,0.951441712248707,Climate
1984,Eastern Cascades Slopes and Foothills,Growth,1.00299607392821,Climate
1984,Klamath Mountains,Growth,0.992474939546263,Climate
1984,Mojave Basin and Range,Growth,1.39066446582798,Climate
1984,Northern Basin and Range,Growth,0.852605180389291,Climate
1984,Sierra Nevada,Growth,0.919338755336134,Climate
1984,Sonoran Basin and Range,Growth,1.28745211871997,Climate
1984,Southern California Mountains,Growth,0.720810617818063,Climate
1985,California Chaparral and Oak Woodlands,Growth,0.710605871392561,Climate
1985,Cascades,Growth,0.627623533054863,Climate
1985,Central Basin and Range,Growth,0.854425171344843,Climate
1985,Central California Valley,Growth,0.727013253539583,Climate
1985,Coast Range,Growth,0.770761713702315,Climate
1985,Eastern Cascades Slopes and Foothills,Growth,0.723319655117806,Climate
1985,Klamath Mountains,Growth,0.765257361746336,Climate
1985,Mojave Basin and Range,Growth,0.62802314777854,Climate
1985,Northern Basin and Range,Growth,0.746498904769069,Climate
1985,Sierra Nevada,Growth,0.893059622165347,Climate
1985,Sonoran Basin and Range,Growth,1.00705539060733,Climate
1985,Southern California Mountains,Growth,0.670783306964263,Climate
1986,California Chaparral and Oak Woodlands,Growth,1.08287001266739,Climate
1986,Cascades,Growth,1.10132131137646,Climate
1986,Central Basin and Range,Growth,1.10769923162248,Climate
1986,Central California Valley,Growth,1.01649441824118,Climate
1986,Coast Range,Growth,1.09834576076995,Climate
1986,Eastern Cascades Slopes and Foothills,Growth,1.14809373727986,Climate
1986,Klamath Mountains,Growth,1.08816724550105,Climate
1986,Mojave Basin and Range,Growth,0.984945942190026,Climate
1986,Northern Basin and Range,Growth,1.24731147232331,Climate
1986,Sierra Nevada,Growth,1.13161635519156,Climate
1986,Sonoran Basin and Range,Growth,1.10525751318115,Climate
1986,Southern California Mountains,Growth,1.03549766581106,Climate
1987,California Chaparral and Oak Woodlands,Growth,0.922130109299284,Climate
1987,Cascades,Growth,1.05313484030129,Climate
1987,Central Basin and Range,Growth,0.910424847317492,Climate
1987,Central California Valley,Growth,0.97291864157031,Climate
1987,Coast Range,Growth,1.0089874154693,Climate
1987,Eastern Cascades Slopes and Foothills,Growth,0.922078246591374,Climate
1987,Klamath Mountains,Growth,1.01698508728362,Climate
1987,Mojave Basin and Range,Growth,1.12011991543474,Climate
1987,Northern Basin and Range,Growth,0.837747917027049,Climate
1987,Sierra Nevada,Growth,0.913173630862561,Climate
1987,Sonoran Basin and Range,Growth,0.886283820613222,Climate
1987,Southern California Mountains,Growth,0.902683484081582,Climate
1988,California Chaparral and Oak Woodlands,Growth,0.774713316856351,Climate
1988,Cascades,Growth,0.87402737463283,Climate
1988,Central Basin and Range,Growth,0.833086069257519,Climate
1988,Central California Valley,Growth,0.798093654290974,Climate
1988,Coast Range,Growth,0.880274221535492,Climate
1988,Eastern Cascades Slopes and Foothills,Growth,0.889905320294384,Climate
1988,Klamath Mountains,Growth,0.954689913314836,Climate
1988,Mojave Basin and Range,Growth,0.959052381929488,Climate
1988,Northern Basin and Range,Growth,0.853920279585329,Climate
1988,Sierra Nevada,Growth,0.888475333104077,Climate
1988,Sonoran Basin and Range,Growth,0.770134076603625,Climate
1988,Southern California Mountains,Growth,0.864208979226928,Climate
1989,California Chaparral and Oak Woodlands,Growth,0.542022737615359,Climate
1989,Cascades,Growth,0.958474470228249,Climate
1989,Central Basin and Range,Growth,0.650728560340574,Climate
1989,Central California Valley,Growth,0.59968081600128,Climate
1989,Coast Range,Growth,0.833372049928556,Climate
1989,Eastern Cascades Slopes and Foothills,Growth,0.942643931661113,Climate
1989,Klamath Mountains,Growth,0.897161553702719,Climate
1989,Mojave Basin and Range,Growth,0.359584486177425,Climate
1989,Northern Basin and Range,Growth,0.942422199989271,Climate
1989,Sierra Nevada,Growth,0.924382027572132,Climate
1989,Sonoran Basin and Range,Growth,0.39174646821741,Climate
1989,Southern California Mountains,Growth,0.428004985054527,Climate
1990,California Chaparral and Oak Woodlands,Growth,0.597703935105405,Climate
1990,Cascades,Growth,0.832613555914538,Climate
1990,Central Basin and Range,Growth,0.698849499165301,Climate
1990,Central California Valley,Growth,0.632838930548152,Climate
1990,Coast Range,Growth,0.835621692659042,Climate
1990,Eastern Cascades Slopes and Foothills,Growth,0.802184170226388,Climate
1990,Klamath Mountains,Growth,0.882630022018176,Climate
1990,Mojave Basin and Range,Growth,0.63130400301392,Climate
1990,Northern Basin and Range,Growth,0.694231341296202,Climate
1990,Sierra Nevada,Growth,0.796220121388336,Climate
1990,Sonoran Basin and Range,Growth,0.568158209667383,Climate
1990,Southern California Mountains,Growth,0.546063599233655,Climate
1991,California Chaparral and Oak Woodlands,Growth,1.03569240126517,Climate
1991,Cascades,Growth,0.813796730860737,Climate
1991,Central Basin and Range,Growth,1.01935149340342,Climate
1991,Central California Valley,Growth,0.975288546764359,Climate
1991,Coast Range,Growth,0.86801715341013,Climate
1991,Eastern Cascades Slopes and Foothills,Growth,0.892754646321116,Climate
1991,Klamath Mountains,Growth,0.870200190516488,Climate
1991,Mojave Basin and Range,Growth,1.15810716561051,Climate
1991,Northern Basin and Range,Growth,0.969631578139659,Climate
1991,Sierra Nevada,Growth,0.989490331114162,Climate
1991,Sonoran Basin and Range,Growth,1.34818445786153,Climate
1991,Southern California Mountains,Growth,1.17998448917326,Climate
1992,California Chaparral and Oak Woodlands,Growth,1.14320622721215,Climate
1992,Cascades,Growth,1.06638004229906,Climate
1992,Central Basin and Range,Growth,1.03900169811739,Climate
1992,Central California Valley,Growth,1.09430658616403,Climate
1992,Coast Range,Growth,1.03975790306279,Climate
1992,Eastern Cascades Slopes and Foothills,Growth,0.807948670376197,Climate
1992,Klamath Mountains,Growth,1.02489479249769,Climate
1992,Mojave Basin and Range,Growth,1.80787014887107,Climate
1992,Northern Basin and Range,Growth,0.747815861508388,Climate
1992,Sierra Nevada,Growth,0.996831134992452,Climate
1992,Sonoran Basin and Range,Growth,2.05161196638271,Climate
1992,Southern California Mountains,Growth,1.39167309264292,Climate
1993,California Chaparral and Oak Woodlands,Growth,1.34933908714155,Climate
1993,Cascades,Growth,1.06151971604934,Climate
1993,Central Basin and Range,Growth,0.980464841453613,Climate
1993,Central California Valley,Growth,1.31836693470795,Climate
1993,Coast Range,Growth,1.06974452406267,Climate
1993,Eastern Cascades Slopes and Foothills,Growth,1.16647565047256,Climate
1993,Klamath Mountains,Growth,1.04219730166044,Climate
1993,Mojave Basin and Range,Growth,1.50917850788572,Climate
1993,Northern Basin and Range,Growth,1.11033211906183,Climate
1993,Sierra Nevada,Growth,1.09364252740869,Climate
1993,Sonoran Basin and Range,Growth,1.83723814331357,Climate
1993,Southern California Mountains,Growth,1.60625965268768,Climate
1994,California Chaparral and Oak Woodlands,Growth,0.871234651339662,Climate
1994,Cascades,Growth,0.770700574006903,Climate
1994,Central Basin and Range,Growth,0.892632722819387,Climate
1994,Central California Valley,Growth,0.9342269943835,Climate
1994,Coast Range,Growth,0.908287481710844,Climate
1994,Eastern Cascades Slopes and Foothills,Growth,0.826436633842096,Climate
1994,Klamath Mountains,Growth,0.869319782740609,Climate
1994,Mojave Basin and Range,Growth,0.6656745685015,Climate
1994,Northern Basin and Range,Growth,0.820842342586701,Climate
1994,Sierra Nevada,Growth,0.940485516924744,Climate
1994,Sonoran Basin and Range,Growth,0.941679670876739,Climate
1994,Southern California Mountains,Growth,0.806287616407606,Climate
1995,California Chaparral and Oak Woodlands,Growth,1.57748295129605,Climate
1995,Cascades,Growth,1.22858194848084,Climate
1995,Central Basin and Range,Growth,1.57278155467046,Climate
1995,Central California Valley,Growth,1.55437759011515,Climate
1995,Coast Range,Growth,1.20195137820168,Climate
1995,Eastern Cascades Slopes and Foothills,Growth,1.42288722348986,Climate
1995,Klamath Mountains,Growth,1.15920805794389,Climate
1995,Mojave Basin and Range,Growth,1.23987214336323,Climate
1995,Northern Basin and Range,Growth,1.59550141846219,Climate
1995,Sierra Nevada,Growth,1.2262360446563,Climate
1995,Sonoran Basin and Range,Growth,0.969878305228651,Climate
1995,Southern California Mountains,Growth,1.62490981607031,Climate
1996,California Chaparral and Oak Woodlands,Growth,1.35969950681742,Climate
1996,Cascades,Growth,1.21363794798938,Climate
1996,Central Basin and Range,Growth,1.51258129502567,Climate
1996,Central California Valley,Growth,1.48529522159025,Climate
1996,Coast Range,Growth,1.19270818914916,Climate
1996,Eastern Cascades Slopes and Foothills,Growth,1.39079246345536,Climate
1996,Klamath Mountains,Growth,1.17631711435564,Climate
1996,Mojave Basin and Range,Growth,0.66295526627706,Climate
1996,Northern Basin and Range,Growth,1.49092187786099,Climate
1996,Sierra Nevada,Growth,1.26080335793947,Climate
1996,Sonoran Basin and Range,Growth,0.309172745950826,Climate
1996,Southern California Mountains,Growth,1.18698443232136,Climate
1997,California Chaparral and Oak Woodlands,Growth,0.957377573614216,Climate
1997,Cascades,Growth,1.0487563336688,Climate
1997,Central Basin and Range,Growth,0.923535206893748,Climate
1997,Central California Valley,Growth,0.941434017974183,Climate
1997,Coast Range,Growth,1.01705278696275,Climate
1997,Eastern Cascades Slopes and Foothills,Growth,1.03866298404573,Climate
1997,Klamath Mountains,Growth,1.02290051836065,Climate
1997,Mojave Basin and Range,Growth,0.914184518067839,Climate
1997,Northern Basin and Range,Growth,1.00141879060522,Climate
1997,Sierra Nevada,Growth,1.02509832185058,Climate
1997,Sonoran Basin and Range,Growth,1.22355543697631,Climate
1997,Southern California Mountains,Growth,0.869937188049321,Climate
1998,California Chaparral and Oak Woodlands,Growth,1.68057806101666,Climate
1998,Cascades,Growth,1.18303267068699,Climate
1998,Central Basin and Range,Growth,1.47550441472904,Climate
1998,Central California Valley,Growth,1.78371555027665,Climate
1998,Coast Range,Growth,1.17813693444769,Climate
1998,Eastern Cascades Slopes and Foothills,Growth,1.54463686079753,Climate
1998,Klamath Mountains,Growth,1.12887909363089,Climate
1998,Mojave Basin and Range,Growth,1.65156159148743,Climate
1998,Northern Basin and Range,Growth,1.52178911357631,Climate
1998,Sierra Nevada,Growth,1.16638552217966,Climate
1998,Sonoran Basin and Range,Growth,1.08134110412913,Climate
1998,Southern California Mountains,Growth,1.68720578208484,Climate
1999,California Chaparral and Oak Woodlands,Growth,0.720548144567622,Climate
1999,Cascades,Growth,0.995535684793417,Climate
1999,Central Basin and Range,Growth,0.779978971927635,Climate
1999,Central California Valley,Growth,0.703459774243749,Climate
1999,Coast Range,Growth,1.01453687800991,Climate
1999,Eastern Cascades Slopes and Foothills,Growth,0.841720395918799,Climate
1999,Klamath Mountains,Growth,1.01093840866801,Climate
1999,Mojave Basin and Range,Growth,0.650223771478265,Climate
1999,Northern Basin and Range,Growth,0.670736622667111,Climate
1999,Sierra Nevada,Growth,0.958728759008637,Climate
1999,Sonoran Basin and Range,Growth,0.48895949133143,Climate
1999,Southern California Mountains,Growth,0.554954666240657,Climate
2000,California Chaparral and Oak Woodlands,Growth,1.02521119501706,Climate
2000,Cascades,Growth,1.07393935322498,Climate
2000,Central Basin and Range,Growth,0.740276350481168,Climate
2000,Central California Valley,Growth,1.1265124050652,Climate
2000,Coast Range,Growth,1.01474500085924,Climate
2000,Eastern Cascades Slopes and Foothills,Growth,0.979870497690183,Climate
2000,Klamath Mountains,Growth,1.00843507931707,Climate
2000,Mojave Basin and Range,Growth,0.594506155264041,Climate
2000,Northern Basin and Range,Growth,0.900790000395193,Climate
2000,Sierra Nevada,Growth,1.07219492903493,Climate
2000,Sonoran Basin and Range,Growth,0.364389370743475,Climate
2000,Southern California Mountains,Growth,0.883276881276292,Climate
2001,California Chaparral and Oak Woodlands,Growth,1.17052062649054,Climate
2001,Cascades,Growth,1.06514409049566,Climate
2001,Central Basin and Range,Growth,1.06302035308305,Climate
2001,Central California Valley,Growth,1.1912257648126101,Climate
2001,Coast Range,Growth,1.08163344068314,Climate
2001,Eastern Cascades Slopes and Foothills,Growth,0.811370575088593,Climate
2001,Klamath Mountains,Growth,1.03031440564921,Climate
2001,Mojave Basin and Range,Growth,1.03839069575946,Climate
2001,Northern Basin and Range,Growth,0.673111288659144,Climate
2001,Sierra Nevada,Growth,1.04355048508045,Climate
2001,Sonoran Basin and Range,Growth,0.772099028721946,Climate
2001,Southern California Mountains,Growth,1.12200173149687,Climate
2002,California Chaparral and Oak Woodlands,Growth,0.782638750943928,Climate
2002,Cascades,Growth,1.02147573448886,Climate
2002,Central Basin and Range,Growth,0.72436533528371,Climate
2002,Central California Valley,Growth,0.799696400334807,Climate
2002,Coast Range,Growth,1.03307713189783,Climate
2002,Eastern Cascades Slopes and Foothills,Growth,0.769763629230897,Climate
2002,Klamath Mountains,Growth,1.05784808249375,Climate
2002,Mojave Basin and Range,Growth,0.333955635175452,Climate
2002,Northern Basin and Range,Growth,0.722875427756428,Climate
2002,Sierra Nevada,Growth,0.981657283925738,Climate
2002,Sonoran Basin and Range,Growth,0.175655514434931,Climate
2002,Southern California Mountains,Growth,0.591175484900419,Climate
2003,California Chaparral and Oak Woodlands,Growth,0.916097848029512,Climate
2003,Cascades,Growth,1.07595100104244,Climate
2003,Central Basin and Range,Growth,0.801564784206472,Climate
2003,Central California Valley,Growth,0.884584373243536,Climate
2003,Coast Range,Growth,1.03495891556297,Climate
2003,Eastern Cascades Slopes and Foothills,Growth,1.05540292612568,Climate
2003,Klamath Mountains,Growth,1.05181823475459,Climate
2003,Mojave Basin and Range,Growth,1.10630635695289,Climate
2003,Northern Basin and Range,Growth,1.06278641052244,Climate
2003,Sierra Nevada,Growth,1.00492224191304,Climate
2003,Sonoran Basin and Range,Growth,0.960849291384826,Climate
2003,Southern California Mountains,Growth,0.968684141892944,Climate
2004,California Chaparral and Oak Woodlands,Growth,1.03946355207035,Climate
2004,Cascades,Growth,1.10211796949422,Climate
2004,Central Basin and Range,Growth,1.07671389041106,Climate
2004,Central California Valley,Growth,0.988901069238562,Climate
2004,Coast Range,Growth,0.996951519248837,Climate
2004,Eastern Cascades Slopes and Foothills,Growth,0.965450256296576,Climate
2004,Klamath Mountains,Growth,1.0260883505925,Climate
2004,Mojave Basin and Range,Growth,1.50270372814056,Climate
2004,Northern Basin and Range,Growth,0.852722748218061,Climate
2004,Sierra Nevada,Growth,0.964884605089711,Climate
2004,Sonoran Basin and Range,Growth,1.49170576836323,Climate
2004,Southern California Mountains,Growth,1.10772767649971,Climate
2005,California Chaparral and Oak Woodlands,Growth,1.26875697449113,Climate
2005,Cascades,Growth,1.18911428995496,Climate
2005,Central Basin and Range,Growth,1.3240254562437,Climate
2005,Central California Valley,Growth,1.20519768208846,Climate
2005,Coast Range,Growth,1.14770343331854,Climate
2005,Eastern Cascades Slopes and Foothills,Growth,1.26188824952256,Climate
2005,Klamath Mountains,Growth,1.12761201870454,Climate
2005,Mojave Basin and Range,Growth,1.7081958330643,Climate
2005,Northern Basin and Range,Growth,1.15024006309226,Climate
2005,Sierra Nevada,Growth,1.1728244045044,Climate
2005,Sonoran Basin and Range,Growth,1.65204444012927,Climate
2005,Southern California Mountains,Growth,1.54311333384345,Climate
2006,California Chaparral and Oak Woodlands,Growth,1.06167846924888,Climate
2006,Cascades,Growth,1.12904908908642,Climate
2006,Central Basin and Range,Growth,1.02184163620229,Climate
2006,Central California Valley,Growth,1.139340059215,Climate
2006,Coast Range,Growth,1.10338313921272,Climate
2006,Eastern Cascades Slopes and Foothills,Growth,1.00803241439338,Climate
2006,Klamath Mountains,Growth,1.09168480870352,Climate
2006,Mojave Basin and Range,Growth,0.526385742881528,Climate
2006,Northern Basin and Range,Growth,1.05908161170741,Climate
2006,Sierra Nevada,Growth,1.11991122035426,Climate
2006,Sonoran Basin and Range,Growth,0.289773679147957,Climate
2006,Southern California Mountains,Growth,0.993585971349609,Climate
2007,California Chaparral and Oak Woodlands,Growth,0.549928481174409,Climate
2007,Cascades,Growth,0.832310704261912,Climate
2007,Central Basin and Range,Growth,0.636223485608537,Climate
2007,Central California Valley,Growth,0.564012324301602,Climate
2007,Coast Range,Growth,0.852441673721633,Climate
2007,Eastern Cascades Slopes and Foothills,Growth,0.795367638783493,Climate
2007,Klamath Mountains,Growth,0.898100354668929,Climate
2007,Mojave Basin and Range,Growth,0.500925913308759,Climate
2007,Northern Basin and Range,Growth,0.623019838132263,Climate
2007,Sierra Nevada,Growth,0.773744702374038,Climate
2007,Sonoran Basin and Range,Growth,0.536498080690274,Climate
2007,Southern California Mountains,Growth,0.510790877494737,Climate
2008,California Chaparral and Oak Woodlands,Growth,0.880858542755086,Climate
2008,Cascades,Growth,0.856165067123196,Climate
2008,Central Basin and Range,Growth,0.929549896447098,Climate
2008,Central California Valley,Growth,0.738034588690857,Climate
2008,Coast Range,Growth,0.908594040141129,Climate
2008,Eastern Cascades Slopes and Foothills,Growth,0.768202118947179,Climate
2008,Klamath Mountains,Growth,0.934143290113695,Climate
2008,Mojave Basin and Range,Growth,0.870917491220223,Climate
2008,Northern Basin and Range,Growth,0.674862583873221,Climate
2008,Sierra Nevada,Growth,0.92886826778119,Climate
2008,Sonoran Basin and Range,Growth,1.0433094134235401,Climate
2008,Southern California Mountains,Growth,1.06333492909236,Climate
2009,California Chaparral and Oak Woodlands,Growth,0.820062368418594,Climate
2009,Cascades,Growth,0.956488963484957,Climate
2009,Central Basin and Range,Growth,0.879374238060471,Climate
2009,Central California Valley,Growth,0.804647974077869,Climate
2009,Coast Range,Growth,0.899402789413987,Climate
2009,Eastern Cascades Slopes and Foothills,Growth,0.837506696438999,Climate
2009,Klamath Mountains,Growth,0.916489537001296,Climate
2009,Mojave Basin and Range,Growth,0.480674240432594,Climate
2009,Northern Basin and Range,Growth,0.915930444300102,Climate
2009,Sierra Nevada,Growth,1.00349938072266,Climate
2009,Sonoran Basin and Range,Growth,0.384009162473963,Climate
2009,Southern California Mountains,Growth,0.737279887714698,Climate
2010,California Chaparral and Oak Woodlands,Growth,1.46228138870085,Climate
2010,Cascades,Growth,1.10471447529871,Climate
2010,Central Basin and Range,Growth,1.47131084533127,Climate
2010,Central California Valley,Growth,1.49167352537825,Climate
2010,Coast Range,Growth,1.13208723434742,Climate
2010,Eastern Cascades Slopes and Foothills,Growth,1.10017020235393,Climate
2010,Klamath Mountains,Growth,1.08716025311782,Climate
2010,Mojave Basin and Range,Growth,1.75124818806403,Climate
2010,Northern Basin and Range,Growth,1.17989149577453,Climate
2010,Sierra Nevada,Growth,1.18698677664516,Climate
2010,Sonoran Basin and Range,Growth,1.73066230156797,Climate
2010,Southern California Mountains,Growth,1.58673771469491,Climate
2011,California Chaparral and Oak Woodlands,Growth,0.933423749931452,Climate
2011,Cascades,Growth,0.918020051003391,Climate
2011,Central Basin and Range,Growth,0.696774991243332,Climate
2011,Central California Valley,Growth,0.946138703928353,Climate
2011,Coast Range,Growth,0.95398527302038,Climate
2011,Eastern Cascades Slopes and Foothills,Growth,0.854973377403113,Climate
2011,Klamath Mountains,Growth,0.952453050404382,Climate
2011,Mojave Basin and Range,Growth,0.642901476125334,Climate
2011,Northern Basin and Range,Growth,0.891051009170415,Climate
2011,Sierra Nevada,Growth,0.982361653793539,Climate
2011,Sonoran Basin and Range,Growth,0.730583339693233,Climate
2011,Southern California Mountains,Growth,0.893055940089705,Climate
2012,California Chaparral and Oak Woodlands,Growth,0.945669173889425,Climate
2012,Cascades,Growth,1.12679758462041,Climate
2012,Central Basin and Range,Growth,0.876575881491227,Climate
2012,Central California Valley,Growth,0.995149139144329,Climate
2012,Coast Range,Growth,1.10523793932502,Climate
2012,Eastern Cascades Slopes and Foothills,Growth,1.06083981295274,Climate
2012,Klamath Mountains,Growth,1.09820144392454,Climate
2012,Mojave Basin and Range,Growth,0.674335763941769,Climate
2012,Northern Basin and Range,Growth,1.18156398291303,Climate
2012,Sierra Nevada,Growth,1.09436790821036,Climate
2012,Sonoran Basin and Range,Growth,0.834713538489852,Climate
2012,Southern California Mountains,Growth,0.706371491896432,Climate
2013,California Chaparral and Oak Woodlands,Growth,0.30297963722215,Climate
2013,Cascades,Growth,0.494138637443197,Climate
2013,Central Basin and Range,Growth,0.401815477961482,Climate
2013,Central California Valley,Growth,0.32074544529466,Climate
2013,Coast Range,Growth,0.477926739450873,Climate
2013,Eastern Cascades Slopes and Foothills,Growth,0.528293587573435,Climate
2013,Klamath Mountains,Growth,0.523762368816743,Climate
2013,Mojave Basin and Range,Growth,0.528613003117681,Climate
2013,Northern Basin and Range,Growth,0.562934701452959,Climate
2013,Sierra Nevada,Growth,0.420241696764237,Climate
2013,Sonoran Basin and Range,Growth,0.878926665370155,Climate
2013,Southern California Mountains,Growth,0.378362829820751,Climate
2014,California Chaparral and Oak Woodlands,Growth,0.863571398886453,Climate
2014,Cascades,Growth,1.04397452468005,Climate
2014,Central Basin and Range,Growth,0.761304657607099,Climate
2014,Central California Valley,Growth,0.87544574141061,Climate
2014,Coast Range,Growth,1.07237153773015,Climate
2014,Eastern Cascades Slopes and Foothills,Growth,1.04325535350495,Climate
2014,Klamath Mountains,Growth,1.06466433475467,Climate
2014,Mojave Basin and Range,Growth,0.593765419914167,Climate
2014,Northern Basin and Range,Growth,1.14305441693131,Climate
2014,Sierra Nevada,Growth,0.937299534152573,Climate
2014,Sonoran Basin and Range,Growth,0.574939639026138,Climate
2014,Southern California Mountains,Growth,0.743870243510858,Climate
2015,California Chaparral and Oak Woodlands,Growth,0.585101475174402,Climate
2015,Cascades,Growth,0.892205735629795,Climate
2015,Central Basin and Range,Growth,0.975039755138532,Climate
2015,Central California Valley,Growth,0.583709492686051,Climate
2015,Coast Range,Growth,0.849967177926734,Climate
2015,Eastern Cascades Slopes and Foothills,Growth,0.951060458771346,Climate
2015,Klamath Mountains,Growth,0.922203468376064,Climate
2015,Mojave Basin and Range,Growth,0.770813344998617,Climate
2015,Northern Basin and Range,Growth,1.2123470099287,Climate
2015,Sierra Nevada,Growth,0.827944885431461,Climate
2015,Sonoran Basin and Range,Growth,0.74037380401651,Climate
2015,Southern California Mountains,Growth,0.55415881303795,Climate
2016,California Chaparral and Oak Woodlands,Growth,1.3689070318717,Climate
2016,Cascades,Growth,1.14322825218748,Climate
2016,Central Basin and Range,Growth,1.13607235066802,Climate
2016,Central California Valley,Growth,1.38747507053208,Climate
2016,Coast Range,Growth,1.14492081750037,Climate
2016,Eastern Cascades Slopes and Foothills,Growth,1.29298722629631,Climate
2016,Klamath Mountains,Growth,1.11781985079525,Climate
2016,Mojave Basin and Range,Growth,1.05364219481071,Climate
2016,Northern Basin and Range,Growth,1.31532381452453,Climate
2016,Sierra Nevada,Growth,1.14557126624378,Climate
2016,Sonoran Basin and Range,Growth,0.95639697842161,Climate
2016,Southern California Mountains,Growth,1.24000493870434,Climate
2017,California Chaparral and Oak Woodlands,Growth,1.04178523698457,Climate
2017,Cascades,Growth,1.02472255370314,Climate
2017,Central Basin and Range,Growth,1.0200092746795,Climate
2017,Central California Valley,Growth,1.01871856340496,Climate
2017,Coast Range,Growth,0.979966147555332,Climate
2017,Eastern Cascades Slopes and Foothills,Growth,0.968982474989569,Climate
2017,Klamath Mountains,Growth,1.03433752185222,Climate
2017,Mojave Basin and Range,Growth,1.23444303306635,Climate
2017,Northern Basin and Range,Growth,1.06631248036914,Climate
2017,Sierra Nevada,Growth,1.04327244926388,Climate
2017,Sonoran Basin and Range,Growth,1.90812155111082,Climate
2017,Southern California Mountains,Growth,1.10332466487907,Climate
2018,California Chaparral and Oak Woodlands,Growth,1.35602497739126,Climate
2018,Cascades,Growth,1.01312155326055,Climate
2018,Central Basin and Range,Growth,1.1315004912731501,Climate
2018,Central California Valley,Growth,1.36987533357275,Climate
2018,Coast Range,Growth,1.06854935988676,Climate
2018,Eastern Cascades Slopes and Foothills,Growth,1.03102428663851,Climate
2018,Klamath Mountains,Growth,1.03589936697791,Climate
2018,Mojave Basin and Range,Growth,1.4626564432473,Climate
2018,Northern Basin and Range,Growth,1.05109690531615,Climate
2018,Sierra Nevada,Growth,1.10249117458595,Climate
2018,Sonoran Basin and Range,Growth,1.60202015702533,Climate
2018,Southern California Mountains,Growth,1.53642835086755,Climate
2019,California Chaparral and Oak Woodlands,Growth,1.29505765644806,Climate
2019,Cascades,Growth,1.15737540594748,Climate
2019,Central Basin and Range,Growth,1.29790228273939,Climate
2019,Central California Valley,Growth,1.42354228802989,Climate
2019,Coast Range,Growth,1.14689764775764,Climate
2019,Eastern Cascades Slopes and Foothills,Growth,1.25519524528873,Climate
2019,Klamath Mountains,Growth,1.11576738346518,Climate
2019,Mojave Basin and Range,Growth,0.896342293669727,Climate
2019,Northern Basin and Range,Growth,1.3742910801873,Climate
2019,Sierra Nevada,Growth,1.18044927708497,Climate
2019,Sonoran Basin and Range,Growth,0.857437927011683,Climate
2019,Southern California Mountains,Growth,1.15168531535824,Climate
2020,California Chaparral and Oak Woodlands,Growth,1.31995295878628,Climate
2020,Cascades,Growth,1.02368522636779,Climate
2020,Central Basin and Range,Growth,1.60689891182975,Climate
2020,Central California Valley,Growth,1.31147557143435,Climate
2020,Coast Range,Growth,1.04155837349171,Climate
2020,Eastern Cascades Slopes and Foothills,Growth,0.934143116474137,Climate
2020,Klamath Mountains,Growth,1.00177214887819,Climate
2020,Mojave Basin and Range,Growth,1.52650178710445,Climate
2020,Northern Basin and Range,Growth,1.06239149642028,Climate
2020,Sierra Nevada,Growth,1.11902327167044,Climate
2020,Sonoran Basin and Range,Growth,1.24115183539484,Climate
2020,Southern California Mountains,Growth,1.46148292491848,Climate
2021,California Chaparral and Oak Woodlands,Growth,0.712101246493266,Climate
2021,Cascades,Growth,0.991226261037759,Climate
2021,Central Basin and Range,Growth,0.66921260405007,Climate
2021,Central California Valley,Growth,0.74987107085469,Climate
2021,Coast Range,Growth,0.920439373611758,Climate
2021,Eastern Cascades Slopes and Foothills,Growth,0.901244489115276,Climate
2021,Klamath Mountains,Growth,1.01033469096891,Climate
2021,Mojave Basin and Range,Growth,0.623500945792146,Climate
2021,Northern Basin and Range,Growth,0.887261268481097,Climate
2021,Sierra Nevada,Growth,0.93304668788013,Climate
2021,Sonoran Basin and Range,Growth,0.473354303526013,Climate
2021,Southern California Mountains,Growth,0.614965369220932,Climate
2022,California Chaparral and Oak Woodlands,Growth,0.797603281733208,Climate
2022,Cascades,Growth,1.10720892000548,Climate
2022,Central Basin and Range,Growth,0.844129284089746,Climate
2022,Central California Valley,Growth,0.84038307416257,Climate
2022,Coast Range,Growth,1.03016061582684,Climate
2022,Eastern Cascades Slopes and Foothills,Growth,1.21145834990611,Climate
2022,Klamath Mountains,Growth,1.05813611649594,Climate
2022,Mojave Basin and Range,Growth,0.529163315142239,Climate
2022,Northern Basin and Range,Growth,1.24281478341046,Climate
2022,Sierra Nevada,Growth,0.987120593635268,Climate
2022,Sonoran Basin and Range,Growth,0.457246120054664,Climate
2022,Southern California Mountains,Growth,0.607859128557865,Climate
2023,California Chaparral and Oak Woodlands,Growth,1.22316379514357,Climate
2023,Cascades,Growth,1.10186525236097,Climate
2023,Central Basin and Range,Growth,1.62486437260104,Climate
2023,Central California Valley,Growth,1.27150826464125,Climate
2023,Coast Range,Growth,1.0941924255947,Climate
2023,Eastern Cascades Slopes and Foothills,Growth,1.27064859914286,Climate
2023,Klamath Mountains,Growth,1.09634033751045,Climate
2023,Mojave Basin and Range,Growth,1.53902827971974,Climate
2023,Northern Basin and Range,Growth,1.49753182451407,Climate
2023,Sierra Nevada,Growth,1.19989288343401,Climate
2023,Sonoran Basin and Range,Growth,1.57662449798146,Climate
2023,Southern California Mountains,Growth,1.11003467187601,Climate
2024,California Chaparral and Oak Woodlands,Growth,1.22919288519354,Climate
2024,Cascades,Growth,1.05478261760343,Climate
2024,Central Basin and Range,Growth,1.32201397793064,Climate
2024,Central California Valley,Growth,1.23932045961159,Climate
2024,Coast Range,Growth,1.06814869432953,Climate
2024,Eastern Cascades Slopes and Foothills,Growth,1.06422492823229,Climate
2024,Klamath Mountains,Growth,1.06526756193811,Climate
2024,Mojave Basin and Range,Growth,1.0949800829664,Climate
2024,Northern Basin and Range,Growth,1.15932680404983,Climate
2024,Sierra Nevada,Growth,1.14318990852913,Climate
2024,Sonoran Basin and Range,Growth,1.42482547631832,Climate
2024,Southern California Mountains,Growth,1.14033836778373,Climate
2025,California Chaparral and Oak Woodlands,Growth,1.27083625601949,Climate
2025,Cascades,Growth,0.928499780601617,Climate
2025,Central Basin and Range,Growth,1.37391989941387,Climate
2025,Central California Valley,Growth,1.17635871975903,Climate
2025,Coast Range,Growth,0.97476980975761,Climate
2025,Eastern Cascades Slopes and Foothills,Growth,0.972547691508062,Climate
2025,Klamath Mountains,Growth,0.989931155506693,Climate
2025,Mojave Basin and Range,Growth,1.7079692427847,Climate
2025,Northern Basin and Range,Growth,1.16250991776037,Climate
2025,Sierra Nevada,Growth,1.08662879723308,Climate
2025,Sonoran Basin and Range,Growth,2.13888888075294,Climate
2025,Southern California Mountains,Growth,1.41735922433516,Climate
2026,California Chaparral and Oak Woodlands,Growth,1.13683032287359,Climate
2026,Cascades,Growth,1.15502668073162,Climate
2026,Central Basin and Range,Growth,1.48416428331303,Climate
2026,Central California Valley,Growth,1.24612380619814,Climate
2026,Coast Range,Growth,1.09246374586875,Climate
2026,Eastern Cascades Slopes and Foothills,Growth,1.31632992251289,Climate
2026,Klamath Mountains,Growth,1.11180802052804,Climate
2026,Mojave Basin and Range,Growth,0.819150728230012,Climate
2026,Northern Basin and Range,Growth,1.40742290297369,Climate
2026,Sierra Nevada,Growth,1.17798193315687,Climate
2026,Sonoran Basin and Range,Growth,0.499819851164355,Climate
2026,Southern California Mountains,Growth,0.965406109894912,Climate
2027,California Chaparral and Oak Woodlands,Growth,1.08497781324812,Climate
2027,Cascades,Growth,0.965602015516318,Climate
2027,Central Basin and Range,Growth,1.22942528928786,Climate
2027,Central California Valley,Growth,1.12024479064517,Climate
2027,Coast Range,Growth,1.02085327016672,Climate
2027,Eastern Cascades Slopes and Foothills,Growth,0.894670811739864,Climate
2027,Klamath Mountains,Growth,1.0085026666716,Climate
2027,Mojave Basin and Range,Growth,1.81578828605528,Climate
2027,Northern Basin and Range,Growth,0.842388439922365,Climate
2027,Sierra Nevada,Growth,1.03730505514274,Climate
2027,Sonoran Basin and Range,Growth,1.93405963422062,Climate
2027,Southern California Mountains,Growth,1.17947380134079,Climate
2028,California Chaparral and Oak Woodlands,Growth,1.40664369788498,Climate
2028,Cascades,Growth,1.08522762662897,Climate
2028,Central Basin and Range,Growth,1.51863679564589,Climate
2028,Central California Valley,Growth,1.4603810021098,Climate
2028,Coast Range,Growth,1.12841100222549,Climate
2028,Eastern Cascades Slopes and Foothills,Growth,1.11596754932376,Climate
2028,Klamath Mountains,Growth,1.09179559214662,Climate
2028,Mojave Basin and Range,Growth,1.83122693088045,Climate
2028,Northern Basin and Range,Growth,1.33105115592363,Climate
2028,Sierra Nevada,Growth,1.16169050233141,Climate
2028,Sonoran Basin and Range,Growth,2.03317886471913,Climate
2028,Southern California Mountains,Growth,1.40254517115824,Climate
2029,California Chaparral and Oak Woodlands,Growth,1.53194109393955,Climate
2029,Cascades,Growth,1.14488046511172,Climate
2029,Central Basin and Range,Growth,1.55891058726919,Climate
2029,Central California Valley,Growth,1.61851784558795,Climate
2029,Coast Range,Growth,1.16280287488778,Climate
2029,Eastern Cascades Slopes and Foothills,Growth,1.43841759969546,Climate
2029,Klamath Mountains,Growth,1.10790514386369,Climate
2029,Mojave Basin and Range,Growth,1.4502622901044,Climate
2029,Northern Basin and Range,Growth,1.77128011198899,Climate
2029,Sierra Nevada,Growth,1.20863159785158,Climate
2029,Sonoran Basin and Range,Growth,1.20579538177737,Climate
2029,Southern California Mountains,Growth,1.39036862134639,Climate
2030,California Chaparral and Oak Woodlands,Growth,1.53368940291797,Climate
2030,Cascades,Growth,1.18717458060866,Climate
2030,Central Basin and Range,Growth,1.4187858049848,Climate
2030,Central California Valley,Growth,1.7036987090217,Climate
2030,Coast Range,Growth,1.17386648157961,Climate
2030,Eastern Cascades Slopes and Foothills,Growth,1.40645040019459,Climate
2030,Klamath Mountains,Growth,1.14454531947551,Climate
2030,Mojave Basin and Range,Growth,1.58028775730643,Climate
2030,Northern Basin and Range,Growth,1.58615402094075,Climate
2030,Sierra Nevada,Growth,1.20720198527427,Climate
2030,Sonoran Basin and Range,Growth,1.50560859529963,Climate
2030,Southern California Mountains,Growth,1.46436101992277,Climate
2031,California Chaparral and Oak Woodlands,Growth,1.44892853770099,Climate
2031,Cascades,Growth,1.16936998739623,Climate
2031,Central Basin and Range,Growth,1.17927212234745,Climate
2031,Central California Valley,Growth,1.52917088571722,Climate
2031,Coast Range,Growth,1.1528136112034,Climate
2031,Eastern Cascades Slopes and Foothills,Growth,1.40308048058061,Climate
2031,Klamath Mountains,Growth,1.12227239506416,Climate
2031,Mojave Basin and Range,Growth,1.46240639212432,Climate
2031,Northern Basin and Range,Growth,1.46919464336564,Climate
2031,Sierra Nevada,Growth,1.17801553782169,Climate
2031,Sonoran Basin and Range,Growth,1.39208179155866,Climate
2031,Southern California Mountains,Growth,1.44938238976721,Climate
2032,California Chaparral and Oak Woodlands,Growth,1.5074501443224,Climate
2032,Cascades,Growth,1.16448514264878,Climate
2032,Central Basin and Range,Growth,1.48427830704839,Climate
2032,Central California Valley,Growth,1.71616001833516,Climate
2032,Coast Range,Growth,1.1519986576777,Climate
2032,Eastern Cascades Slopes and Foothills,Growth,1.29135128123862,Climate
2032,Klamath Mountains,Growth,1.11512989702354,Climate
2032,Mojave Basin and Range,Growth,1.28721049713285,Climate
2032,Northern Basin and Range,Growth,1.42853488497107,Climate
2032,Sierra Nevada,Growth,1.18287191677101,Climate
2032,Sonoran Basin and Range,Growth,1.50755132506121,Climate
2032,Southern California Mountains,Growth,1.29999957690845,Climate
2033,California Chaparral and Oak Woodlands,Growth,1.37357332604215,Climate
2033,Cascades,Growth,1.0299066332746,Climate
2033,Central Basin and Range,Growth,1.23291967935753,Climate
2033,Central California Valley,Growth,1.56225131370302,Climate
2033,Coast Range,Growth,1.09136702532788,Climate
2033,Eastern Cascades Slopes and Foothills,Growth,0.934117835840553,Climate
2033,Klamath Mountains,Growth,1.05337683615441,Climate
2033,Mojave Basin and Range,Growth,1.13421394107033,Climate
2033,Northern Basin and Range,Growth,1.04134614983037,Climate
2033,Sierra Nevada,Growth,1.13217226964532,Climate
2033,Sonoran Basin and Range,Growth,0.938945634509963,Climate
2033,Southern California Mountains,Growth,1.22758326905798,Climate
2034,California Chaparral and Oak Woodlands,Growth,0.683667993396054,Climate
2034,Cascades,Growth,0.728821706085401,Climate
2034,Central Basin and Range,Growth,0.784047651747905,Climate
2034,Central California Valley,Growth,0.701218900369262,Climate
2034,Coast Range,Growth,0.776441298632042,Climate
2034,Eastern Cascades Slopes and Foothills,Growth,0.657000261327678,Climate
2034,Klamath Mountains,Growth,0.8150975763056,Climate
2034,Mojave Basin and Range,Growth,1.02610883355972,Climate
2034,Northern Basin and Range,Growth,0.60598948139548,Climate
2034,Sierra Nevada,Growth,0.808393531465846,Climate
2034,Sonoran Basin and Range,Growth,0.716496464680769,Climate
2034,Southern California Mountains,Growth,0.74295989613928,Climate
2035,California Chaparral and Oak Woodlands,Growth,0.852708394674942,Climate
2035,Cascades,Growth,0.910194772454807,Climate
2035,Central Basin and Range,Growth,0.658913895604113,Climate
2035,Central California Valley,Growth,0.864498879317112,Climate
2035,Coast Range,Growth,0.84239723526813,Climate
2035,Eastern Cascades Slopes and Foothills,Growth,0.871471151182337,Climate
2035,Klamath Mountains,Growth,0.892479778315197,Climate
2035,Mojave Basin and Range,Growth,0.757343311684208,Climate
2035,Northern Basin and Range,Growth,0.807806624380675,Climate
2035,Sierra Nevada,Growth,0.884791676517245,Climate
2035,Sonoran Basin and Range,Growth,1.5714502669989,Climate
2035,Southern California Mountains,Growth,0.895196537922303,Climate
2036,California Chaparral and Oak Woodlands,Growth,1.14942459899274,Climate
2036,Cascades,Growth,1.1766744927207,Climate
2036,Central Basin and Range,Growth,1.07218737176023,Climate
2036,Central California Valley,Growth,1.23706492582968,Climate
2036,Coast Range,Growth,1.09340335989873,Climate
2036,Eastern Cascades Slopes and Foothills,Growth,1.21059717951524,Climate
2036,Klamath Mountains,Growth,1.12198680656247,Climate
2036,Mojave Basin and Range,Growth,0.947090503987264,Climate
2036,Northern Basin and Range,Growth,1.20177860047313,Climate
2036,Sierra Nevada,Growth,1.11923051350225,Climate
2036,Sonoran Basin and Range,Growth,1.56518393804553,Climate
2036,Southern California Mountains,Growth,1.06747912494647,Climate
2037,California Chaparral and Oak Woodlands,Growth,0.910645597786251,Climate
2037,Cascades,Growth,0.99547325933227,Climate
2037,Central Basin and Range,Growth,0.79763632315272,Climate
2037,Central California Valley,Growth,0.852365412377523,Climate
2037,Coast Range,Growth,0.998889954582106,Climate
2037,Eastern Cascades Slopes and Foothills,Growth,0.846822866601542,Climate
2037,Klamath Mountains,Growth,1.03035420532107,Climate
2037,Mojave Basin and Range,Growth,1.06088413677897,Climate
2037,Northern Basin and Range,Growth,0.761827295113695,Climate
2037,Sierra Nevada,Growth,0.956439064277485,Climate
2037,Sonoran Basin and Range,Growth,1.21309236062834,Climate
2037,Southern California Mountains,Growth,0.934319638371084,Climate
2038,California Chaparral and Oak Woodlands,Growth,1.9659231831509,Climate
2038,Cascades,Growth,1.1201561661321,Climate
2038,Central Basin and Range,Growth,1.98094986522144,Climate
2038,Central California Valley,Growth,2.08667210724538,Climate
2038,Coast Range,Growth,1.18033517651596,Climate
2038,Eastern Cascades Slopes and Foothills,Growth,1.15185965051902,Climate
2038,Klamath Mountains,Growth,1.11612968287074,Climate
2038,Mojave Basin and Range,Growth,2.42688476900845,Climate
2038,Northern Basin and Range,Growth,1.26373061709205,Climate
2038,Sierra Nevada,Growth,1.23008651234021,Climate
2038,Sonoran Basin and Range,Growth,2.52801639178514,Climate
2038,Southern California Mountains,Growth,2.00145235906514,Climate
2039,California Chaparral and Oak Woodlands,Growth,1.24037588916104,Climate
2039,Cascades,Growth,1.00715172524235,Climate
2039,Central Basin and Range,Growth,1.42005704600415,Climate
2039,Central California Valley,Growth,1.23699710079128,Climate
2039,Coast Range,Growth,1.02046478183478,Climate
2039,Eastern Cascades Slopes and Foothills,Growth,0.900217742269682,Climate
2039,Klamath Mountains,Growth,1.013657054676,Climate
2039,Mojave Basin and Range,Growth,1.54538415801038,Climate
2039,Northern Basin and Range,Growth,1.02568587279202,Climate
2039,Sierra Nevada,Growth,1.077063248115,Climate
2039,Sonoran Basin and Range,Growth,1.3216209489789,Climate
2039,Southern California Mountains,Growth,1.46350965089674,Climate
2040,California Chaparral and Oak Woodlands,Growth,1.40842179461009,Climate
2040,Cascades,Growth,1.04556378577634,Climate
2040,Central Basin and Range,Growth,1.13854180682657,Climate
2040,Central California Valley,Growth,1.56943212347351,Climate
2040,Coast Range,Growth,1.11780660448898,Climate
2040,Eastern Cascades Slopes and Foothills,Growth,1.0032260333337,Climate
2040,Klamath Mountains,Growth,1.07804102297466,Climate
2040,Mojave Basin and Range,Growth,1.5243410004857,Climate
2040,Northern Basin and Range,Growth,1.09799514135204,Climate
2040,Sierra Nevada,Growth,1.14908824380606,Climate
2040,Sonoran Basin and Range,Growth,1.95524053163778,Climate
2040,Southern California Mountains,Growth,1.50383146743998,Climate
2041,California Chaparral and Oak Woodlands,Growth,1.15823645123904,Climate
2041,Cascades,Growth,1.16363265441099,Climate
2041,Central Basin and Range,Growth,1.20052858149212,Climate
2041,Central California Valley,Growth,1.22795278484633,Climate
2041,Coast Range,Growth,1.12031905259892,Climate
2041,Eastern Cascades Slopes and Foothills,Growth,1.45522427612796,Climate
2041,Klamath Mountains,Growth,1.11693759195956,Climate
2041,Mojave Basin and Range,Growth,0.568627025045055,Climate
2041,Northern Basin and Range,Growth,1.65447276433896,Climate
2041,Sierra Nevada,Growth,1.16221989382139,Climate
2041,Sonoran Basin and Range,Growth,0.294899187734928,Climate
2041,Southern California Mountains,Growth,0.864368073257676,Climate
2042,California Chaparral and Oak Woodlands,Growth,1.52799967530332,Climate
2042,Cascades,Growth,1.1699574081732,Climate
2042,Central Basin and Range,Growth,1.49718698940401,Climate
2042,Central California Valley,Growth,1.53011589463199,Climate
2042,Coast Range,Growth,1.19173638674064,Climate
2042,Eastern Cascades Slopes and Foothills,Growth,1.18459622206111,Climate
2042,Klamath Mountains,Growth,1.1402517643823,Climate
2042,Mojave Basin and Range,Growth,1.75212849576405,Climate
2042,Northern Basin and Range,Growth,1.39567400086698,Climate
2042,Sierra Nevada,Growth,1.23469301351386,Climate
2042,Sonoran Basin and Range,Growth,1.48982659026643,Climate
2042,Southern California Mountains,Growth,1.51601532111809,Climate
2043,California Chaparral and Oak Woodlands,Growth,1.09318337693108,Climate
2043,Cascades,Growth,1.11093010147643,Climate
2043,Central Basin and Range,Growth,1.21091789455857,Climate
2043,Central California Valley,Growth,1.12650266442743,Climate
2043,Coast Range,Growth,1.11434173117705,Climate
2043,Eastern Cascades Slopes and Foothills,Growth,1.17552294072144,Climate
2043,Klamath Mountains,Growth,1.09904667033807,Climate
2043,Mojave Basin and Range,Growth,1.38576602727651,Climate
2043,Northern Basin and Range,Growth,1.3139205669598,Climate
2043,Sierra Nevada,Growth,1.15764577940428,Climate
2043,Sonoran Basin and Range,Growth,1.40164383032861,Climate
2043,Southern California Mountains,Growth,1.06656582630629,Climate
2044,California Chaparral and Oak Woodlands,Growth,1.18498647025616,Climate
2044,Cascades,Growth,1.11983962893842,Climate
2044,Central Basin and Range,Growth,1.10866433113711,Climate
2044,Central California Valley,Growth,1.15886679139634,Climate
2044,Coast Range,Growth,1.08754728893418,Climate
2044,Eastern Cascades Slopes and Foothills,Growth,1.13270812479643,Climate
2044,Klamath Mountains,Growth,1.09507721414817,Climate
2044,Mojave Basin and Range,Growth,1.30662403243597,Climate
2044,Northern Basin and Range,Growth,1.13531444286809,Climate
2044,Sierra Nevada,Growth,1.10253929762925,Climate
2044,Sonoran Basin and Range,Growth,1.27440844652686,Climate
2044,Southern California Mountains,Growth,1.31611076706535,Climate
2045,California Chaparral and Oak Woodlands,Growth,1.60038070987966,Climate
2045,Cascades,Growth,1.13865269989869,Climate
2045,Central Basin and Range,Growth,1.54768143395146,Climate
2045,Central California Valley,Growth,1.67031026712034,Climate
2045,Coast Range,Growth,1.18536860521871,Climate
2045,Eastern Cascades Slopes and Foothills,Growth,1.32629999693714,Climate
2045,Klamath Mountains,Growth,1.14132359343215,Climate
2045,Mojave Basin and Range,Growth,1.66388317412877,Climate
2045,Northern Basin and Range,Growth,1.53037880474614,Climate
2045,Sierra Nevada,Growth,1.23554292826292,Climate
2045,Sonoran Basin and Range,Growth,1.68041589937682,Climate
2045,Southern California Mountains,Growth,1.57957430877223,Climate
2046,California Chaparral and Oak Woodlands,Growth,1.11386856086998,Climate
2046,Cascades,Growth,1.01659754278911,Climate
2046,Central Basin and Range,Growth,1.24747535632464,Climate
2046,Central California Valley,Growth,1.11810896159227,Climate
2046,Coast Range,Growth,1.03229250239316,Climate
2046,Eastern Cascades Slopes and Foothills,Growth,1.0514281261232,Climate
2046,Klamath Mountains,Growth,1.03055020332265,Climate
2046,Mojave Basin and Range,Growth,1.28990049007718,Climate
2046,Northern Basin and Range,Growth,1.13862361487187,Climate
2046,Sierra Nevada,Growth,1.07088806652507,Climate
2046,Sonoran Basin and Range,Growth,1.019075238354,Climate
2046,Southern California Mountains,Growth,1.16118851454165,Climate
2047,California Chaparral and Oak Woodlands,Growth,0.551360582431477,Climate
2047,Cascades,Growth,1.04027700601604,Climate
2047,Central Basin and Range,Growth,0.670983057901217,Climate
2047,Central California Valley,Growth,0.532696793653696,Climate
2047,Coast Range,Growth,0.895628083395064,Climate
2047,Eastern Cascades Slopes and Foothills,Growth,0.963156503490351,Climate
2047,Klamath Mountains,Growth,1.04126450614974,Climate
2047,Mojave Basin and Range,Growth,0.838208658145088,Climate
2047,Northern Basin and Range,Growth,0.852262277069207,Climate
2047,Sierra Nevada,Growth,0.791511040791159,Climate
2047,Sonoran Basin and Range,Growth,0.878263810659956,Climate
2047,Southern California Mountains,Growth,0.567951288620927,Climate
2048,California Chaparral and Oak Woodlands,Growth,0.957962407128518,Climate
2048,Cascades,Growth,0.837733367749889,Climate
2048,Central Basin and Range,Growth,0.812553004025404,Climate
2048,Central California Valley,Growth,0.921196937332423,Climate
2048,Coast Range,Growth,0.928937677503354,Climate
2048,Eastern Cascades Slopes and Foothills,Growth,0.778044285815946,Climate
2048,Klamath Mountains,Growth,0.919238859677288,Climate
2048,Mojave Basin and Range,Growth,0.930915922998915,Climate
2048,Northern Basin and Range,Growth,0.739271224909449,Climate
2048,Sierra Nevada,Growth,0.929757442388705,Climate
2048,Sonoran Basin and Range,Growth,0.916807720869861,Climate
2048,Southern California Mountains,Growth,1.06411751159728,Climate
2049,California Chaparral and Oak Woodlands,Growth,1.3680484635003,Climate
2049,Cascades,Growth,1.13548701043144,Climate
2049,Central Basin and Range,Growth,1.43766818259183,Climate
2049,Central California Valley,Growth,1.35957230055159,Climate
2049,Coast Range,Growth,1.09744777671837,Climate
2049,Eastern Cascades Slopes and Foothills,Growth,0.944135126627662,Climate
2049,Klamath Mountains,Growth,1.11546328405754,Climate
2049,Mojave Basin and Range,Growth,1.83904244361557,Climate
2049,Northern Basin and Range,Growth,0.95968749640926,Climate
2049,Sierra Nevada,Growth,1.16069639478598,Climate
2049,Sonoran Basin and Range,Growth,2.35832438097477,Climate
2049,Southern California Mountains,Growth,1.60012401130942,Climate
2050,California Chaparral and Oak Woodlands,Growth,0.627371649138689,Climate
2050,Cascades,Growth,0.790384111910527,Climate
2050,Central Basin and Range,Growth,0.723367475026185,Climate
2050,Central California Valley,Growth,0.590693836141321,Climate
2050,Coast Range,Growth,0.752146855537381,Climate
2050,Eastern Cascades Slopes and Foothills,Growth,0.871135847717803,Climate
2050,Klamath Mountains,Growth,0.872020723900444,Climate
2050,Mojave Basin and Range,Growth,0.636818009983271,Climate
2050,Northern Basin and Range,Growth,0.886279071268091,Climate
2050,Sierra Nevada,Growth,0.879609827493323,Climate
2050,Sonoran Basin and Range,Growth,0.613858822442238,Climate
2050,Southern California Mountains,Growth,0.626794071799519,Climate
2051,California Chaparral and Oak Woodlands,Growth,1.66230931653624,Climate
2051,Cascades,Growth,1.15662384376017,Climate
2051,Central Basin and Range,Growth,2.07623628639861,Climate
2051,Central California Valley,Growth,1.84415266121172,Climate
2051,Coast Range,Growth,1.1767041039505,Climate
2051,Eastern Cascades Slopes and Foothills,Growth,1.40164810703364,Climate
2051,Klamath Mountains,Growth,1.12458505007302,Climate
2051,Mojave Basin and Range,Growth,1.78872649117729,Climate
2051,Northern Basin and Range,Growth,1.73362863715478,Climate
2051,Sierra Nevada,Growth,1.25870129418641,Climate
2051,Sonoran Basin and Range,Growth,1.43988940436326,Climate
2051,Southern California Mountains,Growth,1.62706481351646,Climate
2052,California Chaparral and Oak Woodlands,Growth,1.04955915531524,Climate
2052,Cascades,Growth,1.04625674809065,Climate
2052,Central Basin and Range,Growth,0.890214150030597,Climate
2052,Central California Valley,Growth,1.0279113432638,Climate
2052,Coast Range,Growth,1.03721428552648,Climate
2052,Eastern Cascades Slopes and Foothills,Growth,1.03137566445722,Climate
2052,Klamath Mountains,Growth,1.02649011222219,Climate
2052,Mojave Basin and Range,Growth,1.13942549072075,Climate
2052,Northern Basin and Range,Growth,1.05095360971196,Climate
2052,Sierra Nevada,Growth,1.04872896640477,Climate
2052,Sonoran Basin and Range,Growth,1.20615701641536,Climate
2052,Southern California Mountains,Growth,1.02827062853879,Climate
2053,California Chaparral and Oak Woodlands,Growth,0.820657739937368,Climate
2053,Cascades,Growth,0.964360794696622,Climate
2053,Central Basin and Range,Growth,0.86960424150864,Climate
2053,Central California Valley,Growth,0.810984106266891,Climate
2053,Coast Range,Growth,0.943029723257346,Climate
2053,Eastern Cascades Slopes and Foothills,Growth,0.874003257161367,Climate
2053,Klamath Mountains,Growth,0.992683216892918,Climate
2053,Mojave Basin and Range,Growth,0.599882959081381,Climate
2053,Northern Basin and Range,Growth,0.846518196876861,Climate
2053,Sierra Nevada,Growth,0.951514338428222,Climate
2053,Sonoran Basin and Range,Growth,0.762580234284706,Climate
2053,Southern California Mountains,Growth,0.678836919227622,Climate
2054,California Chaparral and Oak Woodlands,Growth,0.975059765189718,Climate
2054,Cascades,Growth,1.08739678079458,Climate
2054,Central Basin and Range,Growth,1.14247473853725,Climate
2054,Central California Valley,Growth,1.05014624863228,Climate
2054,Coast Range,Growth,0.994694164199067,Climate
2054,Eastern Cascades Slopes and Foothills,Growth,1.12285750808418,Climate
2054,Klamath Mountains,Growth,1.03333234735286,Climate
2054,Mojave Basin and Range,Growth,0.675159442358732,Climate
2054,Northern Basin and Range,Growth,1.2106036614192,Climate
2054,Sierra Nevada,Growth,1.07786718217219,Climate
2054,Sonoran Basin and Range,Growth,0.453005782636029,Climate
2054,Southern California Mountains,Growth,0.869461589509909,Climate
2055,California Chaparral and Oak Woodlands,Growth,1.65817947905605,Climate
2055,Cascades,Growth,1.22960045895537,Climate
2055,Central Basin and Range,Growth,1.7561130666617,Climate
2055,Central California Valley,Growth,1.85985020826403,Climate
2055,Coast Range,Growth,1.20055265644085,Climate
2055,Eastern Cascades Slopes and Foothills,Growth,1.60591664116944,Climate
2055,Klamath Mountains,Growth,1.16942941612593,Climate
2055,Mojave Basin and Range,Growth,1.52204655118899,Climate
2055,Northern Basin and Range,Growth,1.85949510029648,Climate
2055,Sierra Nevada,Growth,1.26264705959243,Climate
2055,Sonoran Basin and Range,Growth,1.2344556821505,Climate
2055,Southern California Mountains,Growth,1.46121939262758,Climate
2056,California Chaparral and Oak Woodlands,Growth,1.60478241611992,Climate
2056,Cascades,Growth,1.23683846752587,Climate
2056,Central Basin and Range,Growth,1.87383794999224,Climate
2056,Central California Valley,Growth,1.75908604100532,Climate
2056,Coast Range,Growth,1.22818374492265,Climate
2056,Eastern Cascades Slopes and Foothills,Growth,1.62474512199324,Climate
2056,Klamath Mountains,Growth,1.19633526664364,Climate
2056,Mojave Basin and Range,Growth,1.67838662814417,Climate
2056,Northern Basin and Range,Growth,1.97103690369405,Climate
2056,Sierra Nevada,Growth,1.307440235559,Climate
2056,Sonoran Basin and Range,Growth,1.39224144689622,Climate
2056,Southern California Mountains,Growth,1.55194673701201,Climate
2057,California Chaparral and Oak Woodlands,Growth,0.955853046170912,Climate
2057,Cascades,Growth,0.890187434592827,Climate
2057,Central Basin and Range,Growth,1.19475369119329,Climate
2057,Central California Valley,Growth,0.90161733424306,Climate
2057,Coast Range,Growth,0.864699546475836,Climate
2057,Eastern Cascades Slopes and Foothills,Growth,0.884683929173905,Climate
2057,Klamath Mountains,Growth,0.893464002889739,Climate
2057,Mojave Basin and Range,Growth,1.18205113387598,Climate
2057,Northern Basin and Range,Growth,0.949627081214374,Climate
2057,Sierra Nevada,Growth,1.01032234423692,Climate
2057,Sonoran Basin and Range,Growth,1.61760070644143,Climate
2057,Southern California Mountains,Growth,1.07014536244099,Climate
2058,California Chaparral and Oak Woodlands,Growth,0.898648285872717,Climate
2058,Cascades,Growth,1.08070325606745,Climate
2058,Central Basin and Range,Growth,0.814119765037833,Climate
2058,Central California Valley,Growth,0.956820340507459,Climate
2058,Coast Range,Growth,1.0562890771059,Climate
2058,Eastern Cascades Slopes and Foothills,Growth,1.04020685673184,Climate
2058,Klamath Mountains,Growth,1.08260893231394,Climate
2058,Mojave Basin and Range,Growth,0.617552067105851,Climate
2058,Northern Basin and Range,Growth,0.954090978884997,Climate
2058,Sierra Nevada,Growth,0.985043700047971,Climate
2058,Sonoran Basin and Range,Growth,0.699166659275462,Climate
2058,Southern California Mountains,Growth,0.773989119638458,Climate
2059,California Chaparral and Oak Woodlands,Growth,1.37595901110711,Climate
2059,Cascades,Growth,1.12522325072478,Climate
2059,Central Basin and Range,Growth,1.38861985594265,Climate
2059,Central California Valley,Growth,1.38454268810456,Climate
2059,Coast Range,Growth,1.12018987737464,Climate
2059,Eastern Cascades Slopes and Foothills,Growth,1.07665536982929,Climate
2059,Klamath Mountains,Growth,1.09766355499401,Climate
2059,Mojave Basin and Range,Growth,1.68129488564838,Climate
2059,Northern Basin and Range,Growth,1.05078693889921,Climate
2059,Sierra Nevada,Growth,1.15649817315706,Climate
2059,Sonoran Basin and Range,Growth,1.90509912749952,Climate
2059,Southern California Mountains,Growth,1.40526801065068,Climate
2060,California Chaparral and Oak Woodlands,Growth,0.804765966348951,Climate
2060,Cascades,Growth,1.04394335860302,Climate
2060,Central Basin and Range,Growth,0.913049319312334,Climate
2060,Central California Valley,Growth,0.786034379165869,Climate
2060,Coast Range,Growth,1.04060371968591,Climate
2060,Eastern Cascades Slopes and Foothills,Growth,0.98793401238068,Climate
2060,Klamath Mountains,Growth,1.06607479170665,Climate
2060,Mojave Basin and Range,Growth,0.678597448542807,Climate
2060,Northern Basin and Range,Growth,0.951565398716187,Climate
2060,Sierra Nevada,Growth,0.97240692320745,Climate
2060,Sonoran Basin and Range,Growth,0.565506653873607,Climate
2060,Southern California Mountains,Growth,0.716123284805649,Climate
2061,California Chaparral and Oak Woodlands,Growth,1.45154170840087,Climate
2061,Cascades,Growth,1.11589591603236,Climate
2061,Central Basin and Range,Growth,1.43858724820101,Climate
2061,Central California Valley,Growth,1.49135790512059,Climate
2061,Coast Range,Growth,1.10823994252599,Climate
2061,Eastern Cascades Slopes and Foothills,Growth,1.17292397394546,Climate
2061,Klamath Mountains,Growth,1.09425191753825,Climate
2061,Mojave Basin and Range,Growth,1.83206724023849,Climate
2061,Northern Basin and Range,Growth,1.19748803823718,Climate
2061,Sierra Nevada,Growth,1.15091984420064,Climate
2061,Sonoran Basin and Range,Growth,1.62061247061761,Climate
2061,Southern California Mountains,Growth,1.54130186173097,Climate
2062,California Chaparral and Oak Woodlands,Growth,0.777364650911266,Climate
2062,Cascades,Growth,1.05991727314499,Climate
2062,Central Basin and Range,Growth,0.559467848344621,Climate
2062,Central California Valley,Growth,0.750791389309648,Climate
2062,Coast Range,Growth,1.02169676188558,Climate
2062,Eastern Cascades Slopes and Foothills,Growth,0.991067741105051,Climate
2062,Klamath Mountains,Growth,1.06546924439819,Climate
2062,Mojave Basin and Range,Growth,0.470186982134715,Climate
2062,Northern Basin and Range,Growth,1.00174476018962,Climate
2062,Sierra Nevada,Growth,0.90577647351905,Climate
2062,Sonoran Basin and Range,Growth,0.75827365724042906,Climate
2062,Southern California Mountains,Growth,0.542944280482432,Climate
2063,California Chaparral and Oak Woodlands,Growth,0.907043662560956,Climate
2063,Cascades,Growth,1.08900407292782,Climate
2063,Central Basin and Range,Growth,1.08277380749631,Climate
2063,Central California Valley,Growth,1.01327690910187,Climate
2063,Coast Range,Growth,1.03047370982548,Climate
2063,Eastern Cascades Slopes and Foothills,Growth,1.0354902784409,Climate
2063,Klamath Mountains,Growth,1.04410649567304,Climate
2063,Mojave Basin and Range,Growth,0.572395931068797,Climate
2063,Northern Basin and Range,Growth,1.07265816060235,Climate
2063,Sierra Nevada,Growth,1.04378875642202,Climate
2063,Sonoran Basin and Range,Growth,0.515545428985413,Climate
2063,Southern California Mountains,Growth,0.704999317128679,Climate
2064,California Chaparral and Oak Woodlands,Growth,1.0374859388493,Climate
2064,Cascades,Growth,0.978921345054841,Climate
2064,Central Basin and Range,Growth,0.93097906001765,Climate
2064,Central California Valley,Growth,0.92693912975129,Climate
2064,Coast Range,Growth,0.892290390861661,Climate
2064,Eastern Cascades Slopes and Foothills,Growth,0.899548618920889,Climate
2064,Klamath Mountains,Growth,0.950179556580499,Climate
2064,Mojave Basin and Range,Growth,1.80237746368524,Climate
2064,Northern Basin and Range,Growth,0.848520679996891,Climate
2064,Sierra Nevada,Growth,0.935562439723522,Climate
2064,Sonoran Basin and Range,Growth,2.25629020457118,Climate
2064,Southern California Mountains,Growth,1.30593721346873,Climate
2065,California Chaparral and Oak Woodlands,Growth,0.95529529191703,Climate
2065,Cascades,Growth,1.08902220929081,Climate
2065,Central Basin and Range,Growth,0.944639599750809,Climate
2065,Central California Valley,Growth,0.970341991200933,Climate
2065,Coast Range,Growth,1.03940413803331,Climate
2065,Eastern Cascades Slopes and Foothills,Growth,1.03756088179121,Climate
2065,Klamath Mountains,Growth,1.08063560839503,Climate
2065,Mojave Basin and Range,Growth,0.818619340375464,Climate
2065,Northern Basin and Range,Growth,1.12461898373113,Climate
2065,Sierra Nevada,Growth,1.04750400556322,Climate
2065,Sonoran Basin and Range,Growth,0.949985318610829,Climate
2065,Southern California Mountains,Growth,0.827586415445677,Climate
2066,California Chaparral and Oak Woodlands,Growth,0.761902788498192,Climate
2066,Cascades,Growth,1.08472093129715,Climate
2066,Central Basin and Range,Growth,0.845416215769925,Climate
2066,Central California Valley,Growth,0.832425877325398,Climate
2066,Coast Range,Growth,1.01361839870606,Climate
2066,Eastern Cascades Slopes and Foothills,Growth,1.05723575799041,Climate
2066,Klamath Mountains,Growth,1.08209430575913,Climate
2066,Mojave Basin and Range,Growth,0.682702089110537,Climate
2066,Northern Basin and Range,Growth,1.08632258358775,Climate
2066,Sierra Nevada,Growth,1.0445345606344,Climate
2066,Sonoran Basin and Range,Growth,0.709754191131413,Climate
2066,Southern California Mountains,Growth,0.570469498608587,Climate
2067,California Chaparral and Oak Woodlands,Growth,1.53189926674499,Climate
2067,Cascades,Growth,1.14922894972871,Climate
2067,Central Basin and Range,Growth,1.95264606847074,Climate
2067,Central California Valley,Growth,1.74287255187389,Climate
2067,Coast Range,Growth,1.18925381740452,Climate
2067,Eastern Cascades Slopes and Foothills,Growth,1.22478409861096,Climate
2067,Klamath Mountains,Growth,1.13833087767973,Climate
2067,Mojave Basin and Range,Growth,1.32389752009614,Climate
2067,Northern Basin and Range,Growth,1.67255708549354,Climate
2067,Sierra Nevada,Growth,1.29070919319544,Climate
2067,Sonoran Basin and Range,Growth,0.784675973972853,Climate
2067,Southern California Mountains,Growth,1.32982855844116,Climate
2068,California Chaparral and Oak Woodlands,Growth,0.585877459218166,Climate
2068,Cascades,Growth,0.679450420704579,Climate
2068,Central Basin and Range,Growth,0.898352750681407,Climate
2068,Central California Valley,Growth,0.584714723178446,Climate
2068,Coast Range,Growth,0.69793262045451,Climate
2068,Eastern Cascades Slopes and Foothills,Growth,0.679307852843022,Climate
2068,Klamath Mountains,Growth,0.777960077979113,Climate
2068,Mojave Basin and Range,Growth,0.7906653520306,Climate
2068,Northern Basin and Range,Growth,0.683087791509562,Climate
2068,Sierra Nevada,Growth,0.821391429510718,Climate
2068,Sonoran Basin and Range,Growth,0.666602890120268,Climate
2068,Southern California Mountains,Growth,0.550981189849649,Climate
2069,California Chaparral and Oak Woodlands,Growth,1.15670449759002,Climate
2069,Cascades,Growth,1.22805907221516,Climate
2069,Central Basin and Range,Growth,1.41225474853056,Climate
2069,Central California Valley,Growth,1.14155701865801,Climate
2069,Coast Range,Growth,1.12182505091859,Climate
2069,Eastern Cascades Slopes and Foothills,Growth,1.2194452680033,Climate
2069,Klamath Mountains,Growth,1.17516799773423,Climate
2069,Mojave Basin and Range,Growth,1.46143694216103,Climate
2069,Northern Basin and Range,Growth,1.21277849097876,Climate
2069,Sierra Nevada,Growth,1.18334013887898,Climate
2069,Sonoran Basin and Range,Growth,1.9244559667321,Climate
2069,Southern California Mountains,Growth,1.20999328217648,Climate
2070,California Chaparral and Oak Woodlands,Growth,1.32683346507978,Climate
2070,Cascades,Growth,1.09885143055802,Climate
2070,Central Basin and Range,Growth,1.45723197973092,Climate
2070,Central California Valley,Growth,1.28358717913221,Climate
2070,Coast Range,Growth,1.09472152861517,Climate
2070,Eastern Cascades Slopes and Foothills,Growth,0.997395600105396,Climate
2070,Klamath Mountains,Growth,1.09840566127542,Climate
2070,Mojave Basin and Range,Growth,1.96639945779174,Climate
2070,Northern Basin and Range,Growth,0.966124267099676,Climate
2070,Sierra Nevada,Growth,1.13896989785012,Climate
2070,Sonoran Basin and Range,Growth,1.71712035307112,Climate
2070,Southern California Mountains,Growth,1.58857067193821,Climate
2071,California Chaparral and Oak Woodlands,Growth,1.58310350058494,Climate
2071,Cascades,Growth,1.05104953046145,Climate
2071,Central Basin and Range,Growth,1.38790682707771,Climate
2071,Central California Valley,Growth,1.59124225512204,Climate
2071,Coast Range,Growth,1.12115277668688,Climate
2071,Eastern Cascades Slopes and Foothills,Growth,1.03258662265001,Climate
2071,Klamath Mountains,Growth,1.07267074943977,Climate
2071,Mojave Basin and Range,Growth,2.20253578051306,Climate
2071,Northern Basin and Range,Growth,1.16658076530473,Climate
2071,Sierra Nevada,Growth,1.19839038686515,Climate
2071,Sonoran Basin and Range,Growth,2.42907321300175,Climate
2071,Southern California Mountains,Growth,1.77395799339602,Climate
2072,California Chaparral and Oak Woodlands,Growth,0.950842213119212,Climate
2072,Cascades,Growth,1.03285464377778,Climate
2072,Central Basin and Range,Growth,0.822801936865597,Climate
2072,Central California Valley,Growth,0.956085544919551,Climate
2072,Coast Range,Growth,1.00669022636161,Climate
2072,Eastern Cascades Slopes and Foothills,Growth,0.954174951525442,Climate
2072,Klamath Mountains,Growth,1.02233618426602,Climate
2072,Mojave Basin and Range,Growth,0.847878842466888,Climate
2072,Northern Basin and Range,Growth,0.983796338529675,Climate
2072,Sierra Nevada,Growth,0.987149739284605,Climate
2072,Sonoran Basin and Range,Growth,1.02085492396358,Climate
2072,Southern California Mountains,Growth,0.880954560746054,Climate
2073,California Chaparral and Oak Woodlands,Growth,0.980042512846727,Climate
2073,Cascades,Growth,1.16024199632846,Climate
2073,Central Basin and Range,Growth,0.914593934534037,Climate
2073,Central California Valley,Growth,1.04106183495598,Climate
2073,Coast Range,Growth,1.10320142523182,Climate
2073,Eastern Cascades Slopes and Foothills,Growth,1.20253716213008,Climate
2073,Klamath Mountains,Growth,1.13856677733098,Climate
2073,Mojave Basin and Range,Growth,0.578095614647372,Climate
2073,Northern Basin and Range,Growth,1.22278180486629,Climate
2073,Sierra Nevada,Growth,1.09499764375158,Climate
2073,Sonoran Basin and Range,Growth,0.39826296355209,Climate
2073,Southern California Mountains,Growth,0.797911909498924,Climate
2074,California Chaparral and Oak Woodlands,Growth,0.885727009671116,Climate
2074,Cascades,Growth,0.975622083925878,Climate
2074,Central Basin and Range,Growth,1.17702356065176,Climate
2074,Central California Valley,Growth,0.888134243340043,Climate
2074,Coast Range,Growth,1.0017671251578,Climate
2074,Eastern Cascades Slopes and Foothills,Growth,0.97115457374388,Climate
2074,Klamath Mountains,Growth,1.02255167907113,Climate
2074,Mojave Basin and Range,Growth,1.04812588670278,Climate
2074,Northern Basin and Range,Growth,1.00287951453361,Climate
2074,Sierra Nevada,Growth,1.01138083347839,Climate
2074,Sonoran Basin and Range,Growth,1.37583784973618,Climate
2074,Southern California Mountains,Growth,0.896504619690109,Climate
2075,California Chaparral and Oak Woodlands,Growth,1.51459778782503,Climate
2075,Cascades,Growth,1.13781816392474,Climate
2075,Central Basin and Range,Growth,1.61927944042599,Climate
2075,Central California Valley,Growth,1.62700389503383,Climate
2075,Coast Range,Growth,1.18913371128774,Climate
2075,Eastern Cascades Slopes and Foothills,Growth,1.20230317971529,Climate
2075,Klamath Mountains,Growth,1.1263075002944,Climate
2075,Mojave Basin and Range,Growth,1.41962349081949,Climate
2075,Northern Basin and Range,Growth,1.40881509379297,Climate
2075,Sierra Nevada,Growth,1.24988079038424,Climate
2075,Sonoran Basin and Range,Growth,0.905179927997326,Climate
2075,Southern California Mountains,Growth,1.41600272997008,Climate
2076,California Chaparral and Oak Woodlands,Growth,1.341695780642,Climate
2076,Cascades,Growth,1.24782332088798,Climate
2076,Central Basin and Range,Growth,1.7034183180254,Climate
2076,Central California Valley,Growth,1.51460265186556,Climate
2076,Coast Range,Growth,1.20772844093835,Climate
2076,Eastern Cascades Slopes and Foothills,Growth,1.61461077516566,Climate
2076,Klamath Mountains,Growth,1.18666595878514,Climate
2076,Mojave Basin and Range,Growth,0.867999799255476,Climate
2076,Northern Basin and Range,Growth,1.81646756412179,Climate
2076,Sierra Nevada,Growth,1.28775043897174,Climate
2076,Sonoran Basin and Range,Growth,0.639092604791333,Climate
2076,Southern California Mountains,Growth,0.965067656079256,Climate
2077,California Chaparral and Oak Woodlands,Growth,1.24787066735256,Climate
2077,Cascades,Growth,1.17916632989125,Climate
2077,Central Basin and Range,Growth,1.32886858687334,Climate
2077,Central California Valley,Growth,1.38007436031833,Climate
2077,Coast Range,Growth,1.18468546224309,Climate
2077,Eastern Cascades Slopes and Foothills,Growth,1.27973802445954,Climate
2077,Klamath Mountains,Growth,1.15126429506763,Climate
2077,Mojave Basin and Range,Growth,1.16174441954363,Climate
2077,Northern Basin and Range,Growth,1.32044864156716,Climate
2077,Sierra Nevada,Growth,1.21273851706023,Climate
2077,Sonoran Basin and Range,Growth,0.764650045169654,Climate
2077,Southern California Mountains,Growth,1.10731289455319,Climate
2078,California Chaparral and Oak Woodlands,Growth,0.871320660540459,Climate
2078,Cascades,Growth,1.09209152437135,Climate
2078,Central Basin and Range,Growth,0.935465970888784,Climate
2078,Central California Valley,Growth,0.849343250832839,Climate
2078,Coast Range,Growth,1.02091050336969,Climate
2078,Eastern Cascades Slopes and Foothills,Growth,1.21253702559479,Climate
2078,Klamath Mountains,Growth,1.06662974053191,Climate
2078,Mojave Basin and Range,Growth,0.802090687407609,Climate
2078,Northern Basin and Range,Growth,1.20516795117922,Climate
2078,Sierra Nevada,Growth,1.06199876749677,Climate
2078,Sonoran Basin and Range,Growth,0.963902710083072,Climate
2078,Southern California Mountains,Growth,0.827958309410253,Climate
2079,California Chaparral and Oak Woodlands,Growth,1.12437875915028,Climate
2079,Cascades,Growth,1.07444825515533,Climate
2079,Central Basin and Range,Growth,0.989514687846327,Climate
2079,Central California Valley,Growth,1.20532263888342,Climate
2079,Coast Range,Growth,1.09544817385276,Climate
2079,Eastern Cascades Slopes and Foothills,Growth,1.06015091974163,Climate
2079,Klamath Mountains,Growth,1.06241805340889,Climate
2079,Mojave Basin and Range,Growth,0.945030549278881,Climate
2079,Northern Basin and Range,Growth,1.11286638853511,Climate
2079,Sierra Nevada,Growth,1.09569394265585,Climate
2079,Sonoran Basin and Range,Growth,0.760937331576781,Climate
2079,Southern California Mountains,Growth,1.07703358749095,Climate
2080,California Chaparral and Oak Woodlands,Growth,1.10664215899069,Climate
2080,Cascades,Growth,1.2509537225892,Climate
2080,Central Basin and Range,Growth,1.23801713850238,Climate
2080,Central California Valley,Growth,1.17415621389997,Climate
2080,Coast Range,Growth,1.17341918838358,Climate
2080,Eastern Cascades Slopes and Foothills,Growth,1.33750059428214,Climate
2080,Klamath Mountains,Growth,1.21061541347392,Climate
2080,Mojave Basin and Range,Growth,0.924146633980732,Climate
2080,Northern Basin and Range,Growth,1.32934875186003,Climate
2080,Sierra Nevada,Growth,1.20194371426157,Climate
2080,Sonoran Basin and Range,Growth,0.796920060426687,Climate
2080,Southern California Mountains,Growth,0.969399840979833,Climate
2081,California Chaparral and Oak Woodlands,Growth,1.12008659095793,Climate
2081,Cascades,Growth,1.1578278479058,Climate
2081,Central Basin and Range,Growth,1.14564046135608,Climate
2081,Central California Valley,Growth,1.20437561932107,Climate
2081,Coast Range,Growth,1.16263175013656,Climate
2081,Eastern Cascades Slopes and Foothills,Growth,1.08915252134083,Climate
2081,Klamath Mountains,Growth,1.15285904450563,Climate
2081,Mojave Basin and Range,Growth,0.625317566101138,Climate
2081,Northern Basin and Range,Growth,1.14629539834656,Climate
2081,Sierra Nevada,Growth,1.17179549061099,Climate
2081,Sonoran Basin and Range,Growth,0.309161823540418,Climate
2081,Southern California Mountains,Growth,0.785529289148936,Climate
2082,California Chaparral and Oak Woodlands,Growth,1.36930450990459,Climate
2082,Cascades,Growth,1.11387119253886,Climate
2082,Central Basin and Range,Growth,1.15670149855262,Climate
2082,Central California Valley,Growth,1.38685623570463,Climate
2082,Coast Range,Growth,1.14358699813759,Climate
2082,Eastern Cascades Slopes and Foothills,Growth,1.08644254460839,Climate
2082,Klamath Mountains,Growth,1.11698798213947,Climate
2082,Mojave Basin and Range,Growth,1.35468054928508,Climate
2082,Northern Basin and Range,Growth,1.14064836382284,Climate
2082,Sierra Nevada,Growth,1.17616684948424,Climate
2082,Sonoran Basin and Range,Growth,1.18512650821666,Climate
2082,Southern California Mountains,Growth,1.23386253188384,Climate
2083,California Chaparral and Oak Woodlands,Growth,1.20453953964807,Climate
2083,Cascades,Growth,1.02436098972654,Climate
2083,Central Basin and Range,Growth,1.05301457414987,Climate
2083,Central California Valley,Growth,1.09632284373166,Climate
2083,Coast Range,Growth,1.03210211498774,Climate
2083,Eastern Cascades Slopes and Foothills,Growth,0.953123854065723,Climate
2083,Klamath Mountains,Growth,1.02857484702855,Climate
2083,Mojave Basin and Range,Growth,1.59947329713251,Climate
2083,Northern Basin and Range,Growth,1.02418121182342,Climate
2083,Sierra Nevada,Growth,1.06580557930053,Climate
2083,Sonoran Basin and Range,Growth,2.22940632587197,Climate
2083,Southern California Mountains,Growth,1.4288485877656,Climate
2084,California Chaparral and Oak Woodlands,Growth,1.35366167114297,Climate
2084,Cascades,Growth,1.14342843506494,Climate
2084,Central Basin and Range,Growth,1.36584748533643,Climate
2084,Central California Valley,Growth,1.39495445376585,Climate
2084,Coast Range,Growth,1.16229700538817,Climate
2084,Eastern Cascades Slopes and Foothills,Growth,1.0639075804312501,Climate
2084,Klamath Mountains,Growth,1.12262442042407,Climate
2084,Mojave Basin and Range,Growth,0.96037767102505,Climate
2084,Northern Basin and Range,Growth,1.22846599145482,Climate
2084,Sierra Nevada,Growth,1.20151559834853,Climate
2084,Sonoran Basin and Range,Growth,0.573450607099441,Climate
2084,Southern California Mountains,Growth,1.24011330401641,Climate
2085,California Chaparral and Oak Woodlands,Growth,0.576648144907642,Climate
2085,Cascades,Growth,1.04641348210058,Climate
2085,Central Basin and Range,Growth,0.668170331813529,Climate
2085,Central California Valley,Growth,0.56237909714827,Climate
2085,Coast Range,Growth,0.988253030553611,Climate
2085,Eastern Cascades Slopes and Foothills,Growth,0.993949515619009,Climate
2085,Klamath Mountains,Growth,1.06520022809166,Climate
2085,Mojave Basin and Range,Growth,0.790972105535618,Climate
2085,Northern Basin and Range,Growth,0.963729610702659,Climate
2085,Sierra Nevada,Growth,0.885178976940328,Climate
2085,Sonoran Basin and Range,Growth,1.15901396487986,Climate
2085,Southern California Mountains,Growth,0.440478344434833,Climate
2086,California Chaparral and Oak Woodlands,Growth,1.31359817685051,Climate
2086,Cascades,Growth,1.21209065820045,Climate
2086,Central Basin and Range,Growth,1.19620947114714,Climate
2086,Central California Valley,Growth,1.36037587349761,Climate
2086,Coast Range,Growth,1.15303154174301,Climate
2086,Eastern Cascades Slopes and Foothills,Growth,1.22364083459994,Climate
2086,Klamath Mountains,Growth,1.15212188057614,Climate
2086,Mojave Basin and Range,Growth,1.23306689478185,Climate
2086,Northern Basin and Range,Growth,1.2915422674,Climate
2086,Sierra Nevada,Growth,1.21888403781013,Climate
2086,Sonoran Basin and Range,Growth,1.46241222601123,Climate
2086,Southern California Mountains,Growth,1.28273038754245,Climate
2087,California Chaparral and Oak Woodlands,Growth,1.56866717092485,Climate
2087,Cascades,Growth,1.17878331732811,Climate
2087,Central Basin and Range,Growth,1.57001495071247,Climate
2087,Central California Valley,Growth,1.65972971008633,Climate
2087,Coast Range,Growth,1.18873212225113,Climate
2087,Eastern Cascades Slopes and Foothills,Growth,1.30426496643633,Climate
2087,Klamath Mountains,Growth,1.14648878696317,Climate
2087,Mojave Basin and Range,Growth,1.5404179377819,Climate
2087,Northern Basin and Range,Growth,1.4979229657042,Climate
2087,Sierra Nevada,Growth,1.24499807139397,Climate
2087,Sonoran Basin and Range,Growth,1.09541035317676,Climate
2087,Southern California Mountains,Growth,1.57850932434642,Climate
2088,California Chaparral and Oak Woodlands,Growth,0.682919248387541,Climate
2088,Cascades,Growth,1.00381777662587,Climate
2088,Central Basin and Range,Growth,0.565391884894203,Climate
2088,Central California Valley,Growth,0.6678296893386,Climate
2088,Coast Range,Growth,0.941740528889195,Climate
2088,Eastern Cascades Slopes and Foothills,Growth,0.966563543854592,Climate
2088,Klamath Mountains,Growth,1.01978219998455,Climate
2088,Mojave Basin and Range,Growth,0.459182106938767,Climate
2088,Northern Basin and Range,Growth,0.905992974686525,Climate
2088,Sierra Nevada,Growth,0.857434460407033,Climate
2088,Sonoran Basin and Range,Growth,0.829474652269348,Climate
2088,Southern California Mountains,Growth,0.538407222919704,Climate
2089,California Chaparral and Oak Woodlands,Growth,0.937345706392548,Climate
2089,Cascades,Growth,1.15707134678354,Climate
2089,Central Basin and Range,Growth,1.12272307780633,Climate
2089,Central California Valley,Growth,0.992778835815609,Climate
2089,Coast Range,Growth,1.07497839388519,Climate
2089,Eastern Cascades Slopes and Foothills,Growth,1.32603668283856,Climate
2089,Klamath Mountains,Growth,1.12319598702758,Climate
2089,Mojave Basin and Range,Growth,1.27024590206275,Climate
2089,Northern Basin and Range,Growth,1.31340268426376,Climate
2089,Sierra Nevada,Growth,1.08720464048308,Climate
2089,Sonoran Basin and Range,Growth,1.85971925418842,Climate
2089,Southern California Mountains,Growth,0.875154187408118,Climate
2090,California Chaparral and Oak Woodlands,Growth,1.11846387973398,Climate
2090,Cascades,Growth,1.04279715785613,Climate
2090,Central Basin and Range,Growth,0.969341808259984,Climate
2090,Central California Valley,Growth,1.06887905116322,Climate
2090,Coast Range,Growth,1.04066911942295,Climate
2090,Eastern Cascades Slopes and Foothills,Growth,0.933852935832712,Climate
2090,Klamath Mountains,Growth,1.03047430857632,Climate
2090,Mojave Basin and Range,Growth,1.3395694742903,Climate
2090,Northern Basin and Range,Growth,0.934776383725561,Climate
2090,Sierra Nevada,Growth,1.05417840695351,Climate
2090,Sonoran Basin and Range,Growth,2.06404259280144,Climate
2090,Southern California Mountains,Growth,1.18657481503595,Climate
2091,California Chaparral and Oak Woodlands,Growth,0.902871611542313,Climate
2091,Cascades,Growth,1.05008729258884,Climate
2091,Central Basin and Range,Growth,0.812312251213978,Climate
2091,Central California Valley,Growth,0.994998618133402,Climate
2091,Coast Range,Growth,1.05183085112789,Climate
2091,Eastern Cascades Slopes and Foothills,Growth,0.906430750167729,Climate
2091,Klamath Mountains,Growth,1.0480282651886,Climate
2091,Mojave Basin and Range,Growth,0.626235294610436,Climate
2091,Northern Basin and Range,Growth,0.902823157340242,Climate
2091,Sierra Nevada,Growth,1.01092502410546,Climate
2091,Sonoran Basin and Range,Growth,0.482786113077927,Climate
2091,Southern California Mountains,Growth,0.744213947150919,Climate
2092,California Chaparral and Oak Woodlands,Growth,1.06245810603932,Climate
2092,Cascades,Growth,1.0502921828946,Climate
2092,Central Basin and Range,Growth,1.14386626680073,Climate
2092,Central California Valley,Growth,1.01470694779041,Climate
2092,Coast Range,Growth,0.960306787521955,Climate
2092,Eastern Cascades Slopes and Foothills,Growth,1.04374914466073,Climate
2092,Klamath Mountains,Growth,1.01144362498412,Climate
2092,Mojave Basin and Range,Growth,1.44802918233624,Climate
2092,Northern Basin and Range,Growth,1.09831199475945,Climate
2092,Sierra Nevada,Growth,1.102083824495,Climate
2092,Sonoran Basin and Range,Growth,1.81062609392932,Climate
2092,Southern California Mountains,Growth,1.25734037067071,Climate
2093,California Chaparral and Oak Woodlands,Growth,0.55744045305412,Climate
2093,Cascades,Growth,1.04379932567999,Climate
2093,Central Basin and Range,Growth,0.662389784131228,Climate
2093,Central California Valley,Growth,0.555169297008161,Climate
2093,Coast Range,Growth,0.860554902539327,Climate
2093,Eastern Cascades Slopes and Foothills,Growth,0.974112233378815,Climate
2093,Klamath Mountains,Growth,1.01949379866815,Climate
2093,Mojave Basin and Range,Growth,0.605826359912446,Climate
2093,Northern Basin and Range,Growth,0.827837354600753,Climate
2093,Sierra Nevada,Growth,0.830874952343709,Climate
2093,Sonoran Basin and Range,Growth,0.455621823899378,Climate
2093,Southern California Mountains,Growth,0.564084691237543,Climate
2094,California Chaparral and Oak Woodlands,Growth,1.66762038531664,Climate
2094,Cascades,Growth,1.0480773835521,Climate
2094,Central Basin and Range,Growth,1.64680635057121,Climate
2094,Central California Valley,Growth,1.6831153178839,Climate
2094,Coast Range,Growth,1.10327391713361,Climate
2094,Eastern Cascades Slopes and Foothills,Growth,1.0303158106592,Climate
2094,Klamath Mountains,Growth,1.033085734329,Climate
2094,Mojave Basin and Range,Growth,3.080885184307,Climate
2094,Northern Basin and Range,Growth,1.30834990428799,Climate
2094,Sierra Nevada,Growth,1.17509936377544,Climate
2094,Sonoran Basin and Range,Growth,4.01112743593372,Climate
2094,Southern California Mountains,Growth,2.01234935975685,Climate
2095,California Chaparral and Oak Woodlands,Growth,1.65559420222053,Climate
2095,Cascades,Growth,1.26560564714169,Climate
2095,Central Basin and Range,Growth,2.04188487525053,Climate
2095,Central California Valley,Growth,1.81062574386621,Climate
2095,Coast Range,Growth,1.22467147668916,Climate
2095,Eastern Cascades Slopes and Foothills,Growth,1.50797520631158,Climate
2095,Klamath Mountains,Growth,1.19108034277264,Climate
2095,Mojave Basin and Range,Growth,2.07347567090089,Climate
2095,Northern Basin and Range,Growth,1.89865725211735,Climate
2095,Sierra Nevada,Growth,1.33164361822164,Climate
2095,Sonoran Basin and Range,Growth,1.16560675911193,Climate
2095,Southern California Mountains,Growth,1.64124634961613,Climate
2096,California Chaparral and Oak Woodlands,Growth,0.883128983238659,Climate
2096,Cascades,Growth,1.09261508958159,Climate
2096,Central Basin and Range,Growth,0.81689971355049,Climate
2096,Central California Valley,Growth,0.868024362389036,Climate
2096,Coast Range,Growth,1.07517630644845,Climate
2096,Eastern Cascades Slopes and Foothills,Growth,1.10163061896082,Climate
2096,Klamath Mountains,Growth,1.08550750087066,Climate
2096,Mojave Basin and Range,Growth,0.755174616636651,Climate
2096,Northern Basin and Range,Growth,1.16198659723,Climate
2096,Sierra Nevada,Growth,1.02091172463471,Climate
2096,Sonoran Basin and Range,Growth,0.658949816637712,Climate
2096,Southern California Mountains,Growth,0.810022211613381,Climate
2097,California Chaparral and Oak Woodlands,Growth,1.066776662139,Climate
2097,Cascades,Growth,1.1569199667125,Climate
2097,Central Basin and Range,Growth,1.05793868936461,Climate
2097,Central California Valley,Growth,1.12027929789814,Climate
2097,Coast Range,Growth,1.06743807207343,Climate
2097,Eastern Cascades Slopes and Foothills,Growth,1.33494519929049,Climate
2097,Klamath Mountains,Growth,1.09639840840158,Climate
2097,Mojave Basin and Range,Growth,0.796433769348385,Climate
2097,Northern Basin and Range,Growth,1.43114476387754,Climate
2097,Sierra Nevada,Growth,1.15232136200141,Climate
2097,Sonoran Basin and Range,Growth,0.823416751047221,Climate
2097,Southern California Mountains,Growth,0.919130464494921,Climate
2098,California Chaparral and Oak Woodlands,Growth,1.75593626268024,Climate
2098,Cascades,Growth,1.18153114820562,Climate
2098,Central Basin and Range,Growth,1.82411133625632,Climate
2098,Central California Valley,Growth,1.86502075883732,Climate
2098,Coast Range,Growth,1.22370471134075,Climate
2098,Eastern Cascades Slopes and Foothills,Growth,1.1784392743185,Climate
2098,Klamath Mountains,Growth,1.15423323675954,Climate
2098,Mojave Basin and Range,Growth,1.84868911883783,Climate
2098,Northern Basin and Range,Growth,1.44449178446333,Climate
2098,Sierra Nevada,Growth,1.3119398105296,Climate
2098,Sonoran Basin and Range,Growth,1.57923052110624,Climate
2098,Southern California Mountains,Growth,1.69081619784051,Climate
2099,California Chaparral and Oak Woodlands,Growth,0.72887044344527,Climate
2099,Cascades,Growth,0.692931984771164,Climate
2099,Central Basin and Range,Growth,0.9805029000016,Climate
2099,Central California Valley,Growth,0.713583391555049,Climate
2099,Coast Range,Growth,0.768564581564672,Climate
2099,Eastern Cascades Slopes and Foothills,Growth,0.643468436487798,Climate
2099,Klamath Mountains,Growth,0.768097495609729,Climate
2099,Mojave Basin and Range,Growth,1.18522642561925,Climate
2099,Northern Basin and Range,Growth,0.652690839051136,Climate
2099,Sierra Nevada,Growth,0.847574291173866,Climate
2099,Sonoran Basin and Range,Growth,1.55908798298475,Climate
2099,Southern California Mountains,Growth,0.795493552104973,Climate
2100,California Chaparral and Oak Woodlands,Growth,0.924342434316154,Climate
2100,Cascades,Growth,1.13168108451944,Climate
2100,Central Basin and Range,Growth,0.781187006191947,Climate
2100,Central California Valley,Growth,0.922835270903471,Climate
2100,Coast Range,Growth,1.08784064904049,Climate
2100,Eastern Cascades Slopes and Foothills,Growth,1.08489596523002,Climate
2100,Klamath Mountains,Growth,1.11862138737236,Climate
2100,Mojave Basin and Range,Growth,0.760673158408462,Climate
2100,Northern Basin and Range,Growth,1.12067891751715,Climate
2100,Sierra Nevada,Growth,1.03904809638356,Climate
2100,Sonoran Basin and Range,Growth,0.844735911270945,Climate
2100,Southern California Mountains,Growth,0.775272391901789,Climate
